tip_label,species,action
Willemetia_stipitata_519273_PHA009889_BGN_ILH,Willemetia_stipitata,direct match
Viola_thomasiana_1042419_PHA009855_BGN_LH,Viola_thomasiana,direct match
Viola_rupestris_502521_PHA009850_BGN_LK,Viola_rupestris,direct match
Viola_riviniana_214052_TROM_V_940077_BXA_BQH,Viola_riviniana,direct match
Viola_reichenbachiana_97450_TROM_V_78012_CDM_AVT,Viola_reichenbachiana,direct match
Viola_palustris_462882_PHA009835_BGN_KP,Viola_palustris,direct match
Viola_hirta_369421_PHA009811_BGN_ML,Viola_hirta,direct match
Viola_dubyana_1534730_PHA009805_BGN_FGA,Viola_dubyana,direct match
Viola_comollia_214043_PHA009796_BGN_RA,Viola_comollia,direct match
Viola_collina_333555_PHA009793_BGN_MP,Viola_collina,direct match
Viola_canina_canina_502511_PHA009788_BGN_MG,Viola_canina,direct match
Viola_calcarata_calcarata_97420_PHA009784_BGN_FV,Viola_calcarata,direct match
Viola_biflora_214529_TROM_V_962443_BXA_BQA,Viola_biflora,direct match
Viola_alpina_1534725_PHA009775_BGN_ALE,Viola_alpina,direct match
Vincetoxicum_hirundinaria_141524_TROM_V_170714_CDM_AVX,Vincetoxicum_hirundinaria,direct match
Vinca_minor_60093_PHA010074_RSZ_RSZAXPI001338-85,Vinca_minor,direct match
Vicia_sylvatica_287755_TROM_V_96652_BXA_BPV,Vicia_sylvatica,direct match
Vicia_sepium_347188_TROM_V_651632_BMB_BL,Vicia_sepium,direct match
Vicia_oroboides_516870_PHA009735_BGN_KBB,Vicia_oroboides,direct match
Vicia_cracca_cracca_3905_PHA009707_BGN_IIR,Vicia_cracca,direct match
Viburnum_lantana_237945_PHA009698_BGN_AAV,Viburnum_lantana,direct match
Veronica_urticifolia_165344_PHA009692_BGN_CES,Veronica_urticifolia,direct match
Veronica_serpyllifolia_164258_TROM_V_962017_BMB_EH,Veronica_serpyllifolia,direct match
Veronica_montana_165339_PHA009663_BGN_LEE,Veronica_montana,direct match
Veronica_fruticans_207273_PHA009647_BGN_AHE,Veronica_fruticans,direct match
Veronica_chamaedrys_chamaedrys_913027_PHA009637_BGN_ADF,Veronica_chamaedrys,direct match
Veronica_bellidioides_165329_PHA009632_BGN_FIE,Veronica_bellidioides,direct match
Veronica_beccabunga_165328_TROM_V_56434_CDM_AWL,Veronica_beccabunga,direct match
Veronica_aphylla_201447_PHA009618_BGN_ICB,Veronica_aphylla,direct match
Veronica_alpina_subsp_alpina_1734435_TROM_V_651758_BXA_BPB,Veronica_alpina,direct match
Verbascum_thapsus_thapsus_39388_PHA009604_BGN_IBC,Verbascum_thapsus,direct match
Verbascum_nigrum_90364_PHA009589_BGN_BSI,Verbascum_nigrum,direct match
Verbascum_lychnitis_1000433_PHA009586_BGN_BEI,Verbascum_lychnitis,direct match
Verbascum_densiflorum_1534716_PHA009583_BGN_KIC,Verbascum_densiflorum,direct match
Veratrum_album_album_1486855_PHA010073_AXZ_V,Veratrum_album,direct match
Valeriana_tripteris_183955_PHA009538_BGN_BSG,Valeriana_tripteris,direct match
Valeriana_supina_243117_PHA009535_BGN_IRH,Valeriana_supina,direct match
Valeriana_saxatilis_882679_PHA009532_BGN_IIC,Valeriana_saxatilis,direct match
Valeriana_saliunca_245826_PHA009530_BGN_QBV,Valeriana_saliunca,direct match
Valeriana_officinalis_19953_PHA009523_BGN_AIL,Valeriana_officinalis,direct match
Valeriana_montana_243118_PHA010071_RSZ_RSZAXPI001337-84,Valeriana_montana,direct match
Valeriana_elongata_1534710_PHA009518_BGN_FIB,Valeriana_elongata,direct match
Valeriana_dioica_183948_PHA009517_BGN_BSE,Valeriana_dioica,direct match
Valeriana_celtica_celtica_243115_PHA009512_BGN_KKT,Valeriana_celtica,direct match
Vaccinium_vitis-idaea_subsp_minus_1149950_TROM_V_60478_BXA_BNV,Vaccinium_vitis-idaea,direct match
Vaccinium_uliginosum_190548_TROM_V_355003_CDM_APV,Vaccinium_uliginosum,direct match
Stellaria_nemorum_nemorum_325516_TROM_V_962655_BMB_PT,Stellaria_nemorum,direct match
Vaccinium_myrtillus_180763_PHA010070_BGN_LQB,Vaccinium_myrtillus,direct match
Urtica_dioica_3501_PHA010069_BGN_KSL,Urtica_dioica,direct match
Ulmus_minor_262084_PHA010068_RSZ_RSZAXPI000789-16,Ulmus_minor,direct match
Ulmus_glabra_172265_TROM_V_966117_BXA_BNL,Ulmus_glabra,direct match
Tussilago_farfara_118778_TROM_V_700009_BXA_BNK,Tussilago_farfara,direct match
Turritis_glabra_63678_PHA009449_BGN_FI,Turritis_glabra,direct match
Trollius_europaeus_212754_TROM_V_962136_BMB_AA,Trollius_europaeus,direct match
Trisetum_spicatum_100813_TROM_V_96352_BXA_BLL,Trisetum_spicatum,direct match
Trisetum_flavescens_purpurascens_87477_PHA009417_BGN_DSC,Trisetum_flavescens,direct match
Trisetum_distichophyllum_470288_PHA009413_BGN_BSC,Trisetum_distichophyllum agg.,direct match
Trisetum_alpestre_1534696_PHA009407_BGN_IHN,Trisetum_alpestre,direct match
Trifolium_thalii_74531_PHA009383_BGN_AKD,Trifolium_thalii,direct match
Trifolium_rubens_97037_PHA009358_BGN_FH,Trifolium_rubens,direct match
Trifolium_repens_repens_3899_PHA009356_BGN_ACV,Trifolium_repens,direct match
Trifolium_pratense_pratense_1211620_PHA009352_BGN_ACE,Trifolium_pratense,direct match
Trifolium_pallescens_74526_PHA009346_BGN_FCM,Trifolium_pallescens,direct match
Trifolium_noricum_361947_PHA009341_BGN_IHK,Trifolium_noricum,direct match
Trifolium_montanum_74522_TROM_V_70810_CDM_AXH,Trifolium_montanum,direct match
Trifolium_medium_97028_TROM_V_78952_BXA_BMV,Trifolium_medium,direct match
Trifolium_badium_97012_PHA009315_BGN_AEV,Trifolium_badium,direct match
Trifolium_aureum_361561_TROM_V_89883_CDM_AXE,Trifolium_aureum,direct match
Trifolium_alpinum_97008_PHA010063_RSZ_RSZAXPI000858-98,Trifolium_alpinum,direct match
Trichophorum_cespitosum_76515_TROM_V_86904_CDM_APC,Trichophorum_cespitosum,direct match
Traunsteinera_globosa_413040_PHA009288_RSZ_RSZAXPI000828-20,Traunsteinera_globosa,direct match
Tragopogon_pratensis_41653_TROM_V_147261_CDM_AXB,Tragopogon_pratensis agg.,direct match
Tofieldia_calyculata_85290_PHA010061_AXZ_S,Tofieldia_calyculata,direct match
Thymus_pulegioides_751873_TROM_V_94025_BXA_CJC,Thymus_pulegioides,direct match
Thymus_praecox_jankae_1851455_CAR010060_BGN_MFP,Thymus_praecox,direct match
Thlaspi_rotundifolium_rotundifolium_1230357_PHA009206_BGN_BRV,Noccaea_rotundifolia,direct match
Thlaspi_praecox_473028_PHA009199_BGN_HTV,Noccaea_praecox,direct match
Thesium_rostratum_1534683_PHA009174_BGN_IHC,Thesium_rostratum,direct match
Thesium_pyrenaicum_pyrenaicum_1534682_PHA009172_BGN_GIS,Thesium_pyrenaicum,direct match
Thesium_bavarum_1534680_PHA009159_BGN_GVI,Thesium_bavarum,direct match
Thesium_alpinum_705353_PHA009155_BGN_AES,Thesium_alpinum,direct match
Thalictrum_minus_476039_TROM_V_157900_CDM_AWU,Thalictrum_minus,direct match
Thalictrum_aquilegiifolium_619227_PHA009126_BGN_CMR,Thalictrum_aquilegiifolium,direct match
Teucrium_montanum_1000430_PHA009107_BGN_BGP,Teucrium_montanum,direct match
Teucrium_chamaedrys_53176_PHA009098_BGN_FG,Teucrium_chamaedrys,direct match
Telekia_speciosissima_73992_PHA009070_BGN_HRT,Xerolekia_speciosissima,direct match
Tanacetum_corymbosum_corymbosum_1211617_PHA009022_BGN_BED,Tanacetum_corymbosum,direct match
Symphytum_tuberosum_angustifolium_1671110_PHA009005_BGN_PQC,Symphytum_tuberosum,direct match
Swertia_perennis_39379_PHA008990_BGN_GQ,Swertia_perennis,direct match
Succisa_pratensis_105906_TROM_V_175011_BXA_BEH,Succisa_pratensis,direct match
Streptopus_amplexifolius_134860_PHA008978_BGN_BRP,Streptopus_amplexifolius,direct match
Stemmacantha_rhapontica_rhapontica_1533341_PHA008954_BGN_HRH,Rhaponticum_scariosum,direct match
Polygala_amara_58884_PHA006893_BGN_LQI,Polygala_amara,direct match
Polygala_amarella_690759_PHA006895_BGN_LPR,Polygala_amarella,direct match
Stellaria_media_13274_TROM_V_148207_BMB_PS,Stellaria_media,direct match
Stellaria_longifolia_228247_TROM_V_202996_CDM_BAX,Stellaria_longifolia,direct match
Stellaria_graminea_271541_PHA008932_BGN_BRM,Stellaria_graminea,direct match
Stellaria_alsine_254021_PHA008929_BGN_LTI,Stellaria_alsine,direct match
Stachys_sylvatica_53175_TROM_V_87177_BXA_BEK,Stachys_sylvatica,direct match
Stachys_recta_subcrenata_1081577_PHA008917_BGN_HRD,Stachys_recta,direct match
Stachys_pradica_1000429_PHA008912_BGN_AKC,Betonica_hirsuta,direct match
Stachys_officinalis_officinalis_53173_PHA008903_RSZ_RSZAXPI000787-158,Betonica_officinalis,direct match
Stachys_alpina_694383_PHA008890_BGN_FEB,Stachys_alpina,direct match
Stachys_alopecuros_godronii_467599_PHA008889_BGN_LGP,Betonica_alopecuros,direct match
Spiraea_decumbens_hacquetii_1534662_PHA008872_BGN_KAP,Spiraea_decumbens,direct match
Sorbus_chamaemespilus_1000427_PHA008822_BGN_BRI,Sorbus_chamaemespilus,direct match
Sorbus_aucuparia_36599_TROM_V_174190_BMB_AB,Sorbus_aucuparia,direct match
Sorbus_aria_186520_PHA010046_BGN_MCE,Sorbus_aria,direct match
Solidago_virgaurea_subsp_minuta_1534656_PHA008803_BGN_EAI,Solidago_virgaurea,direct match
Soldanella_pusilla_152132_CLA010168_BGN_MTT,Soldanella_pusilla,direct match
Soldanella_montana_59825_CLA010158_BGN_NNS,Soldanella_montana,direct match
Soldanella_minima_ssp_samnitica_152127_CLA010156_BGN_MTN,Soldanella_minima,direct match
Soldanella_hungarica_152121_CLA010141_BGN_MTE,Soldanella_major,direct match
Soldanella_austriaca_152126_PHA008766_BGN_ALK,Soldanella_austriaca,direct match
Soldanella_alpina_cantabrica_1924223_CLA010117_GWM_1243,Soldanella_alpina,direct match
Solanum_dulcamara_45834_PHA008756_BGN_BRG,Solanum_dulcamara,direct match
Silene_vulgaris_42043_TROM_V_962979_BXA_BED,Silene_vulgaris,direct match
Silene_saxifraga_39912_PHA008684_BGN_BRE,Silene_saxifraga,direct match
Silene_nutans_dubia_1851444_CAR008660_BGN_MEV,Silene_nutans,direct match
Silene_flos-cuculi_42036_PHA008635_BGN_BRD,Lychnis_flos-cuculi,direct match
Silene_exscapa_39862_PHA008628_BGN_EAH,Silene_acaulis,direct match
Silene_elisabethae_39881_PHA008625_BGN_HPQ,Silene_elisabethae,direct match
Silene_dioica_39879_PHA008624_BGN_BRC,Silene_dioica,direct match
Sibbaldia_procumbens_57947_TROM_V_162365_BMB_PC,Sibbaldia_procumbens,direct match
Sesleria_sphaerocephala_1534647_PHA008567_BGN_HPK,Sesleriella_sphaerocephala,direct match
Sesleria_ovata_376134_PHA008562_BGN_GML,Psilathera_ovata,direct match
Seseli_libanotis_intermedium_1907932_CAR008531_BGN_NEV,Seseli_libanotis,direct match
Seseli_kochii_1534644_PHA008526_BGN_HPG,Seseli_kochii,direct match
Seseli_austriacum_1534641_PHA008515_BGN_CPR,Seseli_austriacum,direct match
Serratula_tinctoria_tinctoria_305392_PHA008505_BGN_GKL,Serratula_tinctoria,direct match
Senecio_viscosus_85882_PHA008493_BGN_BRA,Senecio_viscosus,direct match
Senecio_subalpinus_189250_PHA008487_BGN_CPQ,Senecio_subalpinus,direct match
Senecio_rupestris_121553_PHA008485_BGN_FCI,Senecio_rupestris,direct match
Senecio_incanus_insubricus_1533151_PHA008473_BGN_HPE,Senecio_insubricus,direct match
Senecio_incanus_carniolicus_189240_PHA008467_BGN_HPD,Senecio_carniolicus,direct match
Senecio_doronicum_gerardii_1268578_PHA008447_BGN_CKI,Senecio_doronicum,direct match
Senecio_alpinus_189227_PHA008435_BGN_BQT,Senecio_alpinus,direct match
Senecio_abrotanifolius_tirolensis_1671106_PHA008429_BGN_HPA,Senecio_abrotanifolius,direct match
Scrophularia_scopolii_1357653_PHA008316_BGN_KAG,Scrophularia_scopolii,direct match
Scrophularia_nodosa_90363_PHA008313_BGN_CML,Scrophularia_nodosa,direct match
Scrophularia_canina_258519_PHA008306_BGN_HNM,Scrophularia_canina,direct match
Scorzoneroides_crocea_379622_CAR008300_BGN_NPM,Scorzoneroides_crocea,direct match
Scorzoneroides_autumnalis_212686_TROM_V_961992_BXA_BQR,Scorzoneroides_autumnalis,direct match
Scorzonera_rosea_268356_PHA008296_BGN_HNK,Scorzonera_rosea,direct match
Scorzonera_aristata_261618_PHA008279_BGN_HBA,Scorzonera_aristata,direct match
Scirpus_sylvaticus_434052_PHA008262_BGN_BQK,Scirpus_sylvaticus,direct match
Scabiosa_columbaria_180561_TROM_V_173089_BXA_CIC,Scabiosa_columbaria agg.,direct match
Saxifraga_vandellii_1384031_PHA008195_BGN_NSN,Saxifraga_vandellii,direct match
Saxifraga_stellaris_90614_PHA008179_BGN_KE,Saxifraga_stellaris,direct match
Saxifraga_squarrosa_102737_PHA008177_BGN_NP,Saxifraga_squarrosa,direct match
Saxifraga_seguieri_1534586_PHA008173_BGN_IQR,Saxifraga_seguieri,direct match
Saxifraga_sedoides_134793_PHA008171_BGN_MBE,Saxifraga_sedoides,direct match
Saxifraga_retusa_retusa_1405365_PHA008163_BGN_LB,Saxifraga_retusa,direct match
Saxifraga_paradoxa_1534583_PHA008145_BGN_ALV,Saxifraga_paradoxa,direct match
Saxifraga_paniculata_102734_PHA008141_RSZ_RSZAXPI001344-43,Saxifraga_paniculata,direct match
Saxifraga_oppositifolia_29771_TROM_V_962908_BMB_AC,Saxifraga_oppositifolia,direct match
Saxifraga_mutata_demissa_1907915_CAR008131_BGN_NPK,Saxifraga_mutata,direct match
Saxifraga_muscoides_1534582_PHA008125_BGN_LHV,Saxifraga_muscoides,direct match
Saxifraga_hostii_rhaetica_1534581_PHA008109_RSZ_RSZAXPI000823-95,Saxifraga_hostii,direct match
Saxifraga_hohenwartii_1616302_PHA008107_BGN_LKV,Saxifraga_hohenwartii,direct match
Saxifraga_hieraciifolia_90602_PHA008102_BGN_NN,Saxifraga_hieraciifolia,direct match
Saxifraga_facchinii_134794_PHA008080_BGN_MBD,Saxifraga_facchinii,direct match
Saxifraga_exarata_moschata_134788_PHA008077_RSZ_RSZAXPI000826-18,Saxifraga_exarata,direct match
Saxifraga_depressa_134778_PHA008059_BGN_QN,Saxifraga_depressa,direct match
Saxifraga_cuneifolia_102722_TROM_V_965605_BXA_BSP,Saxifraga_cuneifolia,direct match
Saxifraga_crustata_102721_PHA010030_RSZ_RSZAXPI001350-79,Saxifraga_crustata,direct match
Saxifraga_caesia_102716_PHA008011_BGN_KR,Saxifraga_caesia,direct match
Saxifraga_burseriana_1534574_PHA008009_BGN_ALI,Saxifraga_burseriana,direct match
Saxifraga_bryoides_1385497_PHA008004_RSZ_RSZAXPI000959-99,Saxifraga_bryoides,direct match
Saxifraga_biflora_biflora_192742_PHA007995_RSZ_RSZAXPI000755-80,Saxifraga_biflora,direct match
Saxifraga_aspera_1385495_PHA010029_RSZ_RSZAXPI001330-51,Saxifraga_aspera,direct match
Saxifraga_aphylla_134768_PHA007985_BGN_QL,Saxifraga_aphylla,direct match
Saxifraga_androsacea_134767_PHA007983_BGN_QK,Saxifraga_androsacea,direct match
Saxifraga_aizoides_102714_PHA007979_BGN_IV,Saxifraga_aizoides,direct match
Saussurea_pygmaea_1104330_PHA007975_BGN_CPM,Saussurea_pygmaea,direct match
Saussurea_discolor_143209_PHA007972_BGN_GMH,Saussurea_discolor,direct match
Saussurea_alpina_depressa_1533370_PHA007969_BGN_DRT,Saussurea_alpina,direct match
Saponaria_pumila_288948_PHA007948_BGN_FLD,Saponaria_pumila,direct match
Saponaria_ocymoides_42033_PHA007944_BGN_FC,Saponaria_ocymoides,direct match
Sanicula_europaea_71982_PHA007935_BGN_FB,Sanicula_europaea,direct match
Sanguisorba_minor_minor_137456_PHA007927_BGN_BDP,Sanguisorba_minor,direct match
Sanguisorba_dodecandra_1533365_PHA007925_BGN_HMV,Sanguisorba_dodecandra,direct match
Sambucus_racemosa_4203_PHA007919_BGN_FDT,Sambucus_racemosa,direct match
Sambucus_nigra_4202_PHA007917_RSZ_RSZAXPI000689-81,Sambucus_nigra,direct match
Sambucus_ebulus_28503_PHA007914_BGN_FFH,Sambucus_ebulus,direct match
Salvia_pratensis_pratensis_1211609_PHA007901_BGN_BDN,Salvia_pratensis,direct match
Salvia_glutinosa_49211_PHA007896_BGN_BQG,Salvia_glutinosa,direct match
Salix_waldsteiniana_882678_PHA007885_BGN_KAA,Salix_waldsteiniana,direct match
Salix_serpyllifolia_77067_PHA007879_BGN_FHS,Salix_serpyllifolia,direct match
Salix_retusa_77066_PHA007876_BGN_BQF,Salix_retusa,direct match
Salix_reticulata_75717_TROM_V_96294_BMB_BC,Salix_reticulata,direct match
Salix_purpurea_77065_PHA007869_BGN_CKF,Salix_purpurea,direct match
Salix_myrsinifolia_subsp_kolaensis_717487_TROM_V_351220_CDM_BBT,Salix_myrsinifolia,direct match
Salix_mielichhoferi_1533362_PHA007860_BGN_HMN,Salix_mielichhoferi,direct match
Salix_herbacea_77064_PHA007856_BGN_AEQ,Salix_herbacea,direct match
Salix_helvetica_470273_PHA007851_BGN_FCG,Salix_helvetica,direct match
Salix_hastata_subsp_subintegrifolia_1891587_TROM_V_56348_BXA_BSS,Salix_hastata,direct match
Salix_glaucosericea_1301447_PHA007847_BGN_DTM,Salix_glaucosericea,direct match
Salix_glabra_1208411_PHA007843_BGN_HMM,Salix_glabra,direct match
Salix_foetida_470271_PHA007840_BGN_KSG,Salix_foetida,direct match
Salix_elaeagnos_elaeagnos_386449_PHA007836_BGN_BQD,Salix_eleagnos,direct match
Salix_caprea_subsp_sphacelata_2820143_TROM_V_351285_BMB_LF,Salix_caprea,direct match
Salix_breviserrata_1533360_PHA007824_BGN_BQC,Salix_breviserrata,direct match
Salix_aurita_470270_PHA007819_BGN_CMI,Salix_aurita,direct match
Salix_appendiculata_470279_PHA007815_BGN_KCS,Salix_appendiculata,direct match
Salix_alpina_1208410_PHA007813_BGN_HMK,Salix_alpina,direct match
Salix_alaxensis_426348_TROM_V_968331_BXA_CCH,Salix_alba,direct match
Sagina_saginoides_669803_TROM_V_651765_BMB_GT,Sagina_saginoides,direct match
Sagina_procumbens_230724_PHA007803_BGN_HMG,Sagina_procumbens,direct match
Rumex_obtusifolius_obtusifolius_1211607_PHA007767_BGN_FDR,Rumex_obtusifolius,direct match
Rumex_alpinus_1351827_TROM_V_146873_CDM_AEM,Rumex_alpinus,direct match
Rumex_alpestris_565439_CAR007736_BGN_NCP,Rumex_alpestris,direct match
Rumex_acetosella_61450_PHA007729_BGN_GS,Rumex_acetosella,direct match
Rubus_saxatilis_75091_TROM_V_147352_BMB_PM,Rubus_saxatilis,direct match
Rosa_pendulina_74642_PHA007683_BGN_EQ,Rosa_pendulina,direct match
Ribes_petraeum_175225_PHA007626_BGN_FDQ,Ribes_petraeum,direct match
Ribes_alpinum_134913_PHA007622_RSZ_RSZAXPI000692-86,Ribes_alpinum,direct match
Rhodothamnus_chamaecistus_45907_PHA007614_RSZ_RSZAXPI000820-90,Rhodothamnus_chamaecistus,direct match
Rhododendron_hirsutum_516007_PHA007607_BGN_HD,Rhododendron_hirsutum,direct match
Rhododendron_ferrugineum_49622_PHA007604_RSZ_RSZAXPI000954-94,Rhododendron_ferrugineum,direct match
Rhizobotrya_alpina_190889_PHA007597_BGN_HLA,Rhizobotrya_alpina,direct match
Rhinanthus_glacialis_374726_PHA007588_BGN_BPQ,Rhinanthus_glacialis,direct match
Rhinanthus_alectorolophus_374724_TROM_V_135247_CDM_AYC,Rhinanthus_alectorolophus,direct match
Rhamnus_saxatilis_280025_PHA007571_BGN_CKC,Rhamnus_saxatilis,direct match
Rhamnus_pumila_280023_PHA007567_BGN_IEM,Rhamnus_pumila,direct match
Ranunculus_traunfellneri_320426_PHA007528_BGN_IVQ,Ranunculus_traunfellneri,direct match
Ranunculus_thora_287000_PHA007525_BGN_HER,Ranunculus_thora,direct match
Ranunculus_seguieri_286992_PHA007521_BGN_DHV,Ranunculus_seguieri,direct match
Ranunculus_repens_137665_PHA007508_BGN_EM,Ranunculus_repens,direct match
Ranunculus_platanifolius_286971_PHA007501_BGN_CMF,Ranunculus_platanifolius,direct match
Ranunculus_montanus_286941_PHA007489_BGN_AEP,Ranunculus_montanus,direct match
Ranunculus_lanuginosus_286924_PHA007483_BGN_BPN,Ranunculus_lanuginosus,direct match
Ranunculus_hybridus_286914_PHA007477_BGN_HKK,Ranunculus_hybridus,direct match
Ranunculus_glacialis_235900_TROM_V_96280_BXA_BDH,Ranunculus_glacialis,direct match
Ranunculus_carinthiacus_286878_PHA007449_BGN_HKH,Ranunculus_carinthiacus,direct match
Ranunculus_bulbosus_aleae_1533334_PHA007445_BGN_IVM,Ranunculus_bulbosus,direct match
Ranunculus_acris_acris_3447_PHA007426_BGN_ADE,Ranunculus_acris,direct match
Ranunculus_aconitifolius_286847_PHA007425_BGN_BPK,Ranunculus_aconitifolius,direct match
Quercus_robur_38942_PHA007416_BGN_BPI,Quercus_robur,direct match
Pyrola_rotundifolia_13651_PHA007385_RSZ_RSZAXPI000824-16,Pyrola_rotundifolia,direct match
Pyrola_minor_93826_TROM_V_90605_BMB_I,Pyrola_minor,direct match
Pyrola_media_642534_PHA007378_RSZ_RSZAXPI000961-101,Pyrola_media,direct match
Pulsatilla_vernalis_445233_PHA007368_BGN_AEN,Pulsatilla_vernalis,direct match
Pulsatilla_alpina_alpina_470566_PHA007343_BGN_AEM,Pulsatilla_alpina,direct match
Pulmonaria_officinalis_136616_PHA-S1539_BGN_QEJ,Pulmonaria_officinalis,direct match
Pulmonaria_mollis_mollis_256500_PHA007332_BGN_PQB,Pulmonaria_mollis,direct match
Pseudorchis_albida_367781_PHA007301_RSZ_RSZAXPI000818-88,Pseudorchis_albida,direct match
Prunus_avium_42229_PHA007273_BGN_AAD,Prunus_avium,direct match
Prunella_vulgaris_39358_TROM_V_85357_CDM_BCJ,Prunella_vulgaris,direct match
Prunella_grandiflora_39356_PHA007265_BGN_AEL,Prunella_grandiflora,direct match
Pritzelago_alpina_austroalpina_1533137_PHA007255_BGN_HIP,Hornungia_alpina,direct match
Primula_wulfeniana_184190_PHA007249_BGN_LSG,Primula_wulfeniana,direct match
Primula_vulgaris_175104_TROM_V_55382_CDM_BCK,Primula_vulgaris,direct match
Primula_villosa_184189_PHA007247_BGN_NM,Primula_villosa,direct match
Primula_veris_170927_TROM_V_149270_BXA_BDC,Primula_veris,direct match
Primula_tyrolensis_184187_PHA007241_BGN_IVH,Primula_tyrolensis,direct match
Primula_spectabilis_159015_PHA007239_BGN_NB,Primula_spectabilis,direct match
Primula_minima_159010_PHA007229_BGN_QI,Primula_minima,direct match
Primula_latifolia_152139_PHA007223_BGN_LS,Primula_latifolia,direct match
Primula_integrifolia_175074_PHA007216_BGN_LG,Primula_integrifolia,direct match
Primula_hirsuta_184183_PHA007211_BGN_KD,Primula_hirsuta,direct match
Primula_halleri_175072_PHA007209_BGN_MK,Primula_halleri,direct match
Primula_glutinosa_159007_PHA007206_BGN_QG,Primula_glutinosa,direct match
Primula_glaucescens_184182_PHA007204_BGN_LSH,Primula_glaucescens,direct match
Primula_farinosa_133892_PHA007202_BGN_IC,Primula_farinosa,direct match
Primula_elatior_175059_TROM_V_92060_BXA_BSC,Primula_elatior,direct match
Primula_daonensis_184181_PHA007191_BGN_QF,Primula_daonensis,direct match
Primula_clusiana_159004_PHA007189_BGN_LDS,Primula_clusiana,direct match
Primula_auricula_subsp_serratifolia_1851390_PHA007183_GWM_1418,Primula_auricula,direct match
Prenanthes_purpurea_43204_PHA007167_BGN_BPG,Prenanthes_purpurea,direct match
Potentilla_reptans_57933_PHA007103_BGN_BDL,Potentilla_reptans,direct match
Potentilla_recta_538583_PHA007101_BGN_GHR,Potentilla_recta,direct match
Potentilla_nitida_654624_PHA007081_BGN_GHQ,Potentilla_nitida,direct match
Potentilla_grandiflora_654638_PHA007062_BGN_AGV,Potentilla_grandiflora,direct match
Potentilla_frigida_667251_PHA007055_BGN_GHN,Potentilla_frigida,direct match
Potentilla_erecta_57940_PHA007052_BGN_FHI,Potentilla_erecta,direct match
Potentilla_crantzii_667241_PHA007046_BGN_AEK,Potentilla_crantzii,direct match
Potentilla_clusiana_654640_PHA007043_BGN_CPG,Potentilla_clusiana,direct match
Potentilla_caulescens_637897_PHA007035_BGN_GLH,Potentilla_caulescens,direct match
Potentilla_brauneana_667237_PHA007031_BGN_DTL,Potentilla_brauneana,direct match
Potentilla_aurea_chrysocraspeda_1851387_CAR007028_BGN_MEB,Potentilla_aurea,direct match
Potentilla_alba_654612_PHA007015_BGN_DGD,Potentilla_alba,direct match
Populus_tremula_113636_TROM_V_962041_BMB_NS,Populus_tremula,direct match
Polygonatum_verticillatum_261426_PHA006918_BGN_BPC,Polygonatum_verticillatum,direct match
Polygonatum_odoratum_82207_PHA006915_BGN_EK,Polygonatum_odoratum,direct match
Polygonatum_multiflorum_45371_PHA006914_BGN_EI,Polygonatum_multiflorum,direct match
Polygala_nicaeensis_gariodiana_1533300_PHA010011_BGN_LQE,Polygala_nicaeensis,direct match
Polygala_chamaebuxus_58882_PHA006898_BGN_AHC,Polygala_chamaebuxus,direct match
,,
,,
Polygala_alpestris_882677_PHA006889_BGN_AEH,Polygala_alpestris,direct match
Poa_variegata_368336_PHA006875_BGN_FCC,Poa_variegata,direct match
Poa_trivialis_89684_TROM_V_174769_BMB_KF,Poa_trivialis,direct match
Poa_supina_289064_PHA006868_BGN_FCB,Poa_supina,direct match
Poa_stiriaca_368389_PHA006866_BGN_CPE,Poa_stiriaca,direct match
Poa_minor_1395551_PHA006853_BGN_BPA,Poa_minor,direct match
Poa_laxa_269370_PHA006848_BGN_FCA,Poa_laxa,direct match
Poa_hybrida_289070_PHA006847_BGN_GNV,Poa_hybrida,direct match
Poa_compressa_269373_PHA006840_BGN_BNV,Poa_compressa,direct match
Poa_chaixii_269367_TROM_V_130692_BXA_CAS,Poa_chaixii,direct match
Poa_cenisia_269372_PHA006834_BGN_PYY,Poa_cenisia,direct match
Poa_annua_93036_PHA006826_BGN_EH,Poa_annua,direct match
Pleurospermum_austriacum_584760_PHA006818_BGN_GHH,Pleurospermum_austriacum,direct match
Platanthera_chlorantha_59353_PHA006813_RSZ_RSZAXPI001139-102,Platanthera_chlorantha,direct match
Platanthera_bifolia_431291_PHA006811_BGN_KRA,Platanthera_bifolia,direct match
Plantago_media_101992_PHA006808_BGN_ACP,Plantago_media,direct match
Plantago_major_29818_TROM_V_966314_BMB_NQ,Plantago_major,direct match
Plantago_lanceolata_39414_PHA006798_BGN_ABR,Plantago_lanceolata,direct match
Plantago_atrata_atrata_101997_PHA006784_BGN_BNS,Plantago_atrata,direct match
Plantago_alpina_197791_PHA006774_BGN_AEG,Plantago_alpina,direct match
Pinguicula_vulgaris_204362_PHA006739_BGN_FHH,Pinguicula_vulgaris,direct match
Pinguicula_leptoceras_204354_PHA006731_BGN_GQA,Pinguicula_leptoceras,direct match
Pinguicula_alpina_192263_PHA006724_BGN_KKD,Pinguicula_alpina,direct match
Pimpinella_saxifraga_40959_PHA006721_BGN_AIE,Pimpinella_saxifraga,direct match
Pimpinella_major_1000425_PHA006715_BGN_ACN,Pimpinella_major,direct match
Pimpinella_alpina_1533290_PHA006713_BGN_HHH,Pimpinella_alpina,direct match
Picris_hieracioides_hieracioides_1385650_PHA006704_RSZ_RSZAXPI001151-41,Picris_hieracioides,direct match
Phyteuma_spicatum_239469_TROM_V_127166_CDM_BCT,Phyteuma_spicatum,direct match
Phyteuma_sieberi_1399317_PHA006676_BGN_QD,Phyteuma_sieberi,direct match
Phyteuma_scheuchzeri_scheuchzeri_1399315_PHA006672_BGN_IQK,Phyteuma_scheuchzeri,direct match
Phyteuma_ovatum_1241227_PHA006665_BGN_IT,Phyteuma_ovatum,direct match
Phyteuma_orbiculare_239468_PHA006660_RSZ_RSZAXPI000868-111,Phyteuma_orbiculare,direct match
Phyteuma_hemisphaericum_649684_PHA006653_BGN_KM,Phyteuma_hemisphaericum,direct match
Phyteuma_hedraianthifolium_1399308_PHA006651_BGN_QB,Phyteuma_hedraianthifolium,direct match
Phyteuma_globulariifolium_pedemontanum_1399307_PHA006650_BGN_KL,Phyteuma_globulariifolium,direct match
Phyteuma_confusum_1399304_PHA006641_BGN_NL,Phyteuma_confusum,direct match
Phyteuma_betonicifolium_649683_PHA006637_BGN_PV,Phyteuma_betonicifolium,direct match
Physoplexis_comosa_239466_PHA006631_BGN_LA,Physoplexis_comosa,direct match
Phleum_pratense_15957_PHA006617_BGN_AID,Phleum_pratense,direct match
Phleum_hirsutum_1395549_PHA006611_BGN_BNQ,Phleum_hirsutum,direct match
Phleum_alpinum_669775_TROM_V_146630_BMB_GB,Phleum_commutatum,direct match
Peucedanum_ostruthium_52477_PHA006573_BGN_BNN,Peucedanum_ostruthium,direct match
Peucedanum_oreoselinum_203708_PHA006570_BGN_GMB,Peucedanum_oreoselinum,direct match
Peucedanum_austriacum_austriacum_203897_PHA006560_BGN_BNM,Peucedanum_austriacum,direct match
Petrocallis_pyrenaica_664874_PHA006548_BGN_FHG,Petrocallis_pyrenaica,direct match
Petasites_paradoxus_1395548_PHA006543_BGN_BNK,Petasites_paradoxus,direct match
Petasites_hybridus_278673_PHA006539_BGN_BNI,Petasites_hybridus,direct match
Petasites_albus_904458_PHA006536_BGN_AFH,Petasites_albus,direct match
Peltaria_alliacea_358670_PHA006532_BGN_CPB,Peltaria_alliacea,direct match
Pedicularis_verticillata_65042_PHA006531_RSZ_RSZAXPI001150-40,Pedicularis_verticillata,direct match
Pedicularis_tuberosa_326853_PHA006528_BGN_DQF,Pedicularis_tuberosa,direct match
Pedicularis_rostratospicata_rostratospicata_1533276_PHA006523_BGN_IVB,Pedicularis_rostratospicata,direct match
Pedicularis_rostratocapitata_882676_PHA006519_BGN_AIB,Pedicularis_rostratocapitata,direct match
Pedicularis_rosea_allionii_1392807_PHA006514_BGN_DRP,Pedicularis_rosea,direct match
Pedicularis_recutita_223137_PHA006512_BGN_IGG,Pedicularis_recutita,direct match
Pedicularis_portenschlagii_1533275_PHA006510_BGN_CPA,Pedicularis_portenschlagii,direct match
Pedicularis_kerneri_326829_PHA006502_BGN_GHF,Pedicularis_kerneri,direct match
Pedicularis_gyroflexa_1384027_PHA006495_BGN_AEF,Pedicularis_gyroflexa,direct match
Pedicularis_foliosa_46033_PHA006491_BGN_GHE,Pedicularis_foliosa,direct match
Pedicularis_elongata_1392146_PHA006490_BGN_HGP,Pedicularis_elongata,direct match
Pedicularis_aspleniifolia_1392134_PHA006483_BGN_HGM,Pedicularis_aspleniifolia,direct match
Pedicularis_ascendens_1000423_PHA006481_BGN_BNE,Pedicularis_ascendens,direct match
Parnassia_palustris_38862_TROM_V_962240_BMB_NN,Parnassia_palustris,direct match
Paradisea_liliastrum_51471_PHA006432_BGN_DQE,Paradisea_liliastrum,direct match
Paederota_lutea_165314_PHA006374_BGN_FLB,Paederota_lutea,direct match
Paederota_bonarota_195118_PHA006370_BGN_HGE,Paederota_bonarota,direct match
Oxytropis_lapponica_1533246_PHA006364_BGN_DHP,Oxytropis_lapponica,direct match
Oxytropis_jacquinii_1000422_PHA006360_BGN_GHC,Oxytropis_montana agg.,direct match
Oxytropis_halleri_halleri_553836_PHA006355_BGN_IQD,Oxytropis_halleri,direct match
Oxytropis_campestris_campestris_278724_PHA006346_BGN_BNB,Oxytropis_campestris,direct match
Oxyria_digyna_284366_PHA006340_BGN_DTK,Oxyria_digyna,direct match
Oxalis_acetosella_341461_PHA006328_RSZ_RSZAXPI001073-27,Oxalis_acetosella,direct match
Ostrya_carpinifolia_176865_PHA006320_BGN_DGA,Ostrya_carpinifolia,direct match
Orthilia_secunda_93819_PHA006313_RSZ_RSZAXPI000816-86,Orthilia_secunda,direct match
Ornithogalum_pyrenaicum_pyrenaicum_535972_PHA006253_BGN_BHC,Ornithogalum_pyrenaicum,direct match
Origanum_vulgare_39352_TROM_V_133478_BXA_AHB,Origanum_vulgare,direct match
Oreochloa_disticha_375855_PHA006228_BGN_HFP,Oreochloa_disticha,direct match
Orchis_ustulata_59351_PHA006226_BGN_DKQ,Neotinea_ustulata,direct match
Orchis_mascula_mascula_59338_PHA006201_RSZ_RSZAXPI000798-25,Orchis_mascula,direct match
Ophrys_insectifera_145946_PHA006180_BGN_BMV,Ophrys_insectifera,direct match
Ononis_spinosa_58890_TROM_V_37481_CDM_ALQ,Ononis_spinosa,direct match
Onobrychis_montana_transsilvanica_1527283_CAR006115_BGN_MDQ,Onobrychis_montana,direct match
Omphalodes_verna_203754_PHA006102_BGN_BDB,Omphalodes_verna,direct match
Omalotheca_sylvatica_1754164_TROM_V_92713_BXA_AHA,Gnaphalium_sylvaticum,direct match
Omalotheca_norvegica_595332_TROM_V_148330_BXA_AGS,Gnaphalium_norvegicum,direct match
Noccaea_caerulescens_107243_TROM_V_964097_BXA_BHM,Noccaea_caerulescens,direct match
Nigritella_rhellicani_1126420_PHA006028_BGN_DPB,Nigritella_rhellicani,direct match
Nigritella_lithopolitanica_1533092_PHA006026_BGN_CNR,Nigritella_lithopolitanica,direct match
Neottia_ovata_29712_TROM_V_966134_CDM_AQX,Listera_ovata,direct match
Neottia_nidus-avis_48534_PHA005992_RSZ_RSZAXPI001137-96,Neottia_nidus-avis,direct match
Nardus_stricta_29687_PHA005977_BGN_B,Nardus_stricta,direct match
Myrrhis_odorata_40880_PHA005958_BGN_DQD,Myrrhis_odorata,direct match
Myosotis_decumbens_subsp_decumbens_192348_PHA-S1512_BGN_QDI,Myosotis_decumbens,direct match
Myosotis_alpestris_192337_PHA-S1546_BGN_QDG,Myosotis_alpestris,direct match
Mycelis_muralis_75960_PHA005908_BGN_DRL,Lactuca_muralis,direct match
Montia_fontana_313220_TROM_V_134530_BMB_HL,Montia_fontana,direct match
Monotropa_hypopitys_176248_PHA009996_BGN_LFG,Hypopitys_hypophegea,direct match
Moneses_uniflora_93817_TROM_V_94028_BXA_CCA,Moneses_uniflora,direct match
Molopospermum_peloponnesiacum_107254_PHA005874_BGN_DVR,Molopospermum_peloponnesiacum,direct match
Molinia_caerulea_38689_PHA005872_BGN_BML,Molinia_caerulea,direct match
Moehringia_trinervia_trinervia_169227_PHA005860_BGN_CGI,Moehringia_trinervia,direct match
Moehringia_muscosa_325507_PHA005854_BGN_HHK,Moehringia_muscosa,direct match
Moehringia_concarenae_410633_PHA005843_BGN_ETB,Moehringia_concarenae,direct match
Moehringia_ciliata_410632_PHA005842_BGN_BMI,Moehringia_ciliata,direct match
,,
,,
,,
,,
,,
,,
,,
,,
,,
,,
,,
,,
,,
,,
,,
,,
,,
,,
,,
Minuartia_sedoides_1435664_PHA005826_BGN_DTI,Minuartia_sedoides,direct match
Minuartia_rupestris_rupestris_325503_PHA005824_BGN_DHL,Minuartia_rupestris,direct match
Minuartia_recurva_685559_PHA005813_BGN_FBP,Minuartia_recurva,direct match
Minuartia_grignensis_1384026_PHA005800_BGN_ESP,Minuartia_grignensis,direct match
Minuartia_cherlerioides_cherlerioides_1479353_PHA005794_BGN_ESM,Minuartia_cherlerioides,direct match
Minuartia_biflora_345293_TROM_V_351208_CDM_AMR,Minuartia_biflora,direct match
Minuartia_austriaca_1479350_PHA005787_BGN_ESL,Minuartia_austriaca,direct match
Milium_effusum_376129_TROM_V_964113_BMB_FR,Milium_effusum,direct match
Meum_athamanticum_82093_PHA005757_BGN_AFI,Meum_athamanticum,direct match
Mercurialis_perennis_3985_PHA005751_BGN_BCV,Mercurialis_perennis,direct match
Mentha_longifolia_38859_PHA005736_BGN_BMG,Mentha_longifolia,direct match
Melittis_melissophyllum_457147_PHA005726_BGN_EE,Melittis_melissophyllum,direct match
Melica_nutans_860324_PHA005704_BGN_ED,Melica_nutans,direct match
Melampyrum_sylvaticum_86092_TROM_V_96653_BMB_K,Melampyrum_sylvaticum,direct match
Melampyrum_pratense_52725_PHA005684_BGN_ESB,Melampyrum_pratense,direct match
Medicago_lupulina_47085_PHA005654_BGN_EC,Medicago_lupulina,direct match
Medicago_falcata_3878_PHA005651_BGN_CIS,Medicago_falcata,direct match
Malaxis_monophyllos_426910_PHA005608_RSZ_RSZAXPI000861-102,Malaxis_monophyllos,direct match
Maianthemum_bifolium_191662_PHA005606_BGN_PYX,Maianthemum_bifolium,direct match
Lysimachia_nummularia_175113_PHA005579_BGN_NA,Lysimachia_nummularia,direct match
Lysimachia_nemorum_110756_PHA005576_BGN_RQ,Lysimachia_nemorum,direct match
Luzula_sylvatica_59018_PHA005560_BGN_ERH,Luzula_sylvatica,direct match
Luzula_spicata_spicata_223703_PHA005556_BGN_FBM,Luzula_spicata,direct match
Luzula_pilosa_223700_TROM_V_962165_BMB_GV,Luzula_pilosa,direct match
Luzula_nivalis_630109_TROM_V_56647_BXA_CBA,Luzula_nivea,direct match
Luzula_luzuloides_luzuloides_318444_PHA005533_BGN_BMA,Luzula_luzuloides,direct match
Luzula_luzulina_223695_PHA005531_BGN_GIQ,Luzula_luzulina,direct match
Luzula_lutea_630107_PHA005529_BGN_AKB,Luzula_lutea,direct match
Luzula_glabrata_223692_PHA005526_BGN_ERE,Luzula_glabrata,direct match
Luzula_campestris_218141_TROM_V_66732_CDM_AJO,Luzula_campestris,direct match
Luzula_alpinopilosa_alpinopilosa_630085_PHA005518_BGN_AKA,Luzula_alpinopilosa,direct match
Lunaria_rediviva_283746_PHA005507_BGN_GGS,Lunaria_rediviva,direct match
Lotus_cornicukatus_var_sativus_2835574_TROM_V_962278_CDM_AYU,Lotus_corniculatus,direct match
Lonicera_xylosteum_439142_PHA005479_BGN_VQ,Lonicera_xylosteum,direct match
Lonicera_nigra_486680_PHA005472_BGN_BLT,Lonicera_nigra,direct match
Lonicera_caerulea_134520_TROM_V_161372_BXA_AIB,Lonicera_caerulea,direct match
Lonicera_alpigena_486660_PHA005458_BGN_BLS,Lonicera_alpigena,direct match
Loiseleuria_procumbens_45912_PHA005438_RSZ_RSZAXPI001346-52,Loiseleuria_procumbens,direct match
Lloydia_serotina_59080_PHA005432_BGN_DTF,Lloydia_serotina,direct match
Listera_cordata_669720_PHA005418_RSZ_RSZAXPI000874-100,Listera_cordata,direct match
Linum_julicum_1533174_PHA005399_BGN_ITN,Linum_alpinum,direct match
Linum_catharticum_524254_TROM_V_964824_CDM_ALS,Linum_catharticum,direct match
Linnaea_borealis_77623_TROM_V_162298_BMB_ED,Linnaea_borealis,direct match
Linaria_vulgaris_43171_PHA005366_BGN_BGA,Linaria_vulgaris,direct match
Linaria_angustissima_1315780_PHA005351_BGN_FAL,Linaria_angustissima,direct match
Linaria_alpina_alpina_299780_PHA005347_BGN_DTE,Linaria_alpina,direct match
Lilium_martagon_82322_PHA005334_BGN_ACL,Lilium_martagon,direct match
Lilium_carniolicum_394524_PHA005329_BGN_EQG,Lilium_carniolicum,direct match
Lilium_bulbiferum_croceum_1384025_PHA005327_BGN_GPP,Lilium_bulbiferum,direct match
Ligusticum_mutellinoides_1395547_PHA005317_BGN_AED,Pachypleurum_mutellinoides,direct match
Leucanthemum_heterophyllum_1155839_PHA005265_BGN_EQC,Leucanthemum_heterophyllum,direct match
Leucanthemum_atratum_atratum_1155825_PHA005252_BGN_CNN,Leucanthemum_atratum,direct match
Leucanthemum_adustum_margaritae_1155824_CAR005250_BGN_NBQ,Leucanthemum_adustum,direct match
Leucanthemopsis_minima_1533170_PHA005247_BGN_HCB,Leucanthemopsis_alpina,direct match
Leontopodium_alpinum_49078_PHA005222_BGN_BLN,Leontopodium_alpinum,direct match
Leontodon_montanus_montanus_379116_PHA005218_BGN_BLM,Scorzoneroides_montana,direct match
Leontodon_montanus_montaniformis_379628_PHA005215_BGN_EPR,Scorzoneroides_montaniformis,direct match
Leontodon_incanus_tenuiflorus_1035558_PHA005214_BGN_FGV,Leontodon_incanus,direct match
Leontodon_hispidus_58660_TROM_V_163583_CDM_AAS,Leontodon_hispidus,direct match
Leontodon_helveticus_212688_PHA005204_BGN_AIT,Scorzoneroides_helvetica,direct match
Lathyrus_vernus_313120_TROM_V_89334_BXA_AIC,Lathyrus_vernus,direct match
Lathyrus_pratensis_254779_TROM_V_97055_BMB_FG,Lathyrus_pratensis,direct match
Lathyrus_ochraceus_occidentalis_1533166_PHA005134_BGN_BLK,Lathyrus_laevigatus,direct match
Lathyrus_linifolius_313096_PHA005130_BGN_BLI,Lathyrus_linifolius,direct match
Laserpitium_siler_40869_PHA005110_RSZ_RSZAXPI001149-37,Laserpitium_siler,direct match
Laserpitium_peucedanoides_571634_PHA005103_BGN_EPI,Laserpitium_peucedanoides,direct match
Laserpitium_nitidum_571633_PHA005100_BGN_EPH,Laserpitium_nitidum,direct match
Laserpitium_latifolium_48039_PHA005098_BGN_ACK,Laserpitium_latifolium,direct match
Laserpitium_halleri_571627_PHA005096_BGN_AIS,Laserpitium_halleri,direct match
Laserpitium_gaudinii_571629_PHA005094_BGN_IPS,Laserpitium_krapfii,direct match
Lapsana_communis_268080_TROM_V_963323_CDM_AAW,Lapsana_communis,direct match
Lappula_deflexa_543572_PHA-S1516_BGN_QDD,Hackelia_deflexa,direct match
Lamium_orvala_1080059_PHA005069_BGN_EPG,Lamium_orvala,direct match
Lamium_maculatum_53163_PHA005066_BGN_BAD,Lamium_maculatum,direct match
Minuartia_verna_verna_325504_PHA005830_BGN_BMH,Minuartia_verna,direct match
,,
Laburnum_alpinum_3852_TROM_V_96583_BXA_AIF,Laburnum_alpinum,direct match
Koeleria_pyramidata_49772_PHA005024_BGN_PYS,Koeleria_pyramidata,direct match
Koeleria_hirsuta_1533163_PHA005019_BGN_EPA,Koeleria_hirsuta,direct match
Kobresia_simpliciuscula_46331_PHA005013_BGN_ENT,Kobresia_simpliciuscola,direct match
Knautia_transalpina_1533160_PHA005009_BGN_ENR,Knautia_transalpina,direct match
Knautia_persicina_1533158_PHA005001_BGN_ENP,Knautia_persiscina,direct match
Knautia_longifolia_467600_PHA004998_BGN_ENN,Knautia_longifolia,direct match
Knautia_drymeia_596800_CAR004988_BGN_MDH,Knautia_drymeia,direct match
Knautia_dipsacifolia_596799_PHA004981_BGN_FDH,Knautia_maxima,direct match
Knautia_arvensis_105271_TROM_V_963014_BXA_AIG,Knautia_arvensis,direct match
Kernera_saxatilis_169074_PHA004968_BGN_FGS,Kernera_saxatilis,direct match
Juncus_triglumis_223682_TROM_V_134647_BMB_HA,Juncus_triglumis,direct match
Juncus_monanthos_336229_PHA004912_BGN_ENG,Juncus_monanthos,direct match
Juncus_jacquinii_511725_PHA004909_BGN_BLB,Juncus_jacquinii,direct match
Juncus_inflexus_318445_PHA004905_BGN_DML,Juncus_inflexus,direct match
Juncus_filiformis_253148_PHA004904_BGN_DVM,Juncus_filiformis,direct match
Juncus_effusus_13579_TROM_V_162674_CDM_APH,Juncus_effusus,direct match
Juncus_conglomeratus_253146_PHA004901_BGN_IMI,Juncus_conglomeratus,direct match
Juncus_articulatus_223654_TROM_V_966228_BXA_CBD,Juncus_articulatus,direct match
Juncus_alpinoarticulatus_253143_TROM_V_88475_CDM_ARH,Juncus_alpinoarticulatus,direct match
Iris_graminea_995795_PHA004808_BGN_EMR,Iris_graminea,direct match
Inula_conyza_119177_PHA004772_BGN_CAR,Inula_conyzae,direct match
Impatiens_noli-tangere_127129_TROM_V_650260_BXA_AHT,Impatiens_noli-tangere,direct match
Hypochaeris_uniflora_58658_PHA004721_BGN_EMF,Hypochaeris_uniflora,direct match
Hypochaeris_radicata_58656_PHA004718_BGN_DKF,Hypochaeris_radicata,direct match
Hypericum_perforatum_65561_TROM_V_7055_CDM_ABE,Hypericum_perforatum,direct match
Hypericum_montanum_673929_PHA004695_BGN_BKR,Hypericum_montanum,direct match
Hypericum_maculatum_269006_TROM_V_964579_CDM_ACW,Hypericum_maculatum,direct match
Hypericum_hirsutum_673928_TROM_V_990807_BXA_AII,Hypericum_hirsutum,direct match
Horminum_pyrenaicum_39322_PHA004637_BGN_EMA,Horminum_pyrenaicum,direct match
Hordelymus_europaeus_376113_PHA004626_BGN_ELV,Hordelymus_europaeus,direct match
Homogyne_sylvestris_462445_PHA004622_BGN_CNF,Homogyne_sylvestris,direct match
Homogyne_discolor_462444_PHA004620_BGN_CNE,Homogyne_discolor,direct match
Homogyne_alpina_257033_PHA004618_BGN_AIQ,Homogyne_alpina,direct match
Holcus_mollis_376124_PHA004612_BGN_BKP,Holcus_mollis,direct match
Holcus_lanatus_29679_PHA004609_BGN_IMH,Holcus_lanatus,direct match
Hippocrepis_comosa_390710_PHA004573_BGN_ACA,Hippocrepis_comosa,direct match
Hierochloe_australis_389631_TROM_V_130540_BXA_APQ,Hierochloe_australis,direct match
Hieracium_staticifolium_122554_PHA004537_BGN_BKM,Chlorocrepis_staticifolia,direct match
Hieracium_intybaceum_268054_PHA004479_BGN_ELK,Hieracium_intybaceum,direct match
Heracleum_sphondylium_elegans_40919_PHA004401_BGN_BFK,Heracleum_sphondylium,direct match
Heracleum_austriacum_siifolium_542655_PHA004393_RSZ_RSZAXPI000832-24,Heracleum_austriacum,direct match
Hepatica_nobilis_168011_TROM_V_6666_CDM_BIH,Hepatica_nobilis,direct match
Helleborus_viridis_171903_PHA004379_BGN_GTG,Helleborus_viridis,direct match
Helleborus_niger_niger_171896_PHA004372_BGN_EKV,Helleborus_niger,direct match
Helictotrichon_petzense_590136_PHA004348_BGN_CNC,Helictotrichon_petzense,direct match
Helictotrichon_parlatorei_106812_PHA004347_BGN_PYW,Helictotrichon_parlatorei,direct match
Helianthemum_nummularium_tomentosum_1533101_PHA004330_BGN_AML,Helianthemum_nummularium,direct match
Hedysarum_boutignyanum_754886_PHA004293_BGN_DHG,Hedysarum_hedysaroides,direct match
Hacquetia_epipactis_52473_PHA004282_BGN_CNB,Hacquetia_epipactis,direct match
Gypsophila_repens_325494_PHA004279_BGN_BKF,Gypsophila_repens,direct match
Gymnadenia_odoratissima_97904_PHA004266_RSZ_RSZAXPI000850-64,Gymnadenia_odoratissima,direct match
Lamium_galeobdolon_53161_TROM_V_165106_CDM_ABA,Galeobdolon_montanum,direct match
Gymnadenia_conopsea_59324_PHA004263_BGN_GB,Gymnadenia_conopsea,direct match
Goodyera_repens_164261_PHA004245_RSZ_RSZAXPI000958-98,Goodyera_repens,direct match
Gnaphalium_uliginosum_702247_TROM_V_651574_BXA_AIV,Galium_uliginosum,direct match
Gnaphalium_supinum_261773_PHA004237_BGN_DST,Gnaphalium_supinum,direct match
Gnaphalium_hoppeanum_595331_PHA004231_BGN_BKE,Gnaphalium_hoppeanum,direct match
Glyceria_notata_388682_PHA004225_BGN_BKD,Glyceria_notata,direct match
Glyceria_fluitans_254778_TROM_V_84238_BXA_APL,Glyceria_fluitans,direct match
Globularia_nudicaulis_90639_PHA004212_BGN_FGN,Globularia_nudicaulis,direct match
Globularia_cordifolia_69063_PHA004211_BGN_LQV,Globularia_cordifolia,direct match
Geum_urbanum_57919_TROM_V_92604_BXA_AHF,Geum_urbanum,direct match
Geum_rivale_148897_TROM_V_134142_BMB_FK,Geum_rivale,direct match
Geum_reptans_148896_PHA004170_BGN_FGM,Geum_reptans,direct match
Geum_montanum_148895_PHA004167_BGN_ADQ,Geum_montanum,direct match
Geranium_sylvaticum_379956_PHA004161_BGN_AFF,Geranium_sylvaticum,direct match
Geranium_sanguineum_70270_PHA004157_BGN_DT,Geranium_sanguineum,direct match
Geranium_robertianum_robertianum_122183_PHA004153_BGN_AVR,Geranium_robertianum,direct match
Geranium_pyrenaicum_379953_PHA009973_RSZ_RSZAXPI000849-53,Geranium_pyrenaicum,direct match
Geranium_phaeum_379952_PHA004142_BGN_BKB,Geranium_phaeum,direct match
Geranium_macrorrhizum_28963_PHA004134_BGN_EIQ,Geranium_macrorrhizum,direct match
Geranium_argenteum_387081_PHA004123_BGN_EIN,Geranium_argenteum,direct match
Gentianella_campestris_49940_TROM_V_94026_BXA_CBW,Gentianella_campestris,direct match
Gentiana_utriculosa_49958_CLA004111_BGN_NNC,Gentiana_utriculosa,direct match
Gentiana_terglouensis_49957_PHA009972_BGN_NGK,Gentiana_terglouensis,direct match
Gentiana_purpurea_49954_PHA004089_BGN_MT,Gentiana_purpurea,direct match
Gentiana_punctata_49953_PHA004087_BGN_IN,Gentiana_punctata,direct match
Gentiana_pumila_49952_PHA004086_GWM_1419,Gentiana_pumila,direct match
Gentiana_prostrata_49951_PHA004082_BGN_PR,Gentiana_prostrata,direct match
Gentiana_pannonica_38854_PHA004078_BGN_RL,Gentiana_pannonica,direct match
Gentiana_orbicularis_1085736_PHA004076_BGN_KC,Gentiana_orbicularis,direct match
Gentiana_nivalis_38852_TROM_V_134379_BMB_GM,Gentiana_nivalis,direct match
Gentiana_lutea_symphyandra_1533082_PHA004062_BGN_ALT,Gentiana_lutea,direct match
Gentiana_froelichii_zenariae_49946_PHA004053_BGN_ITD,Gentiana_froelichii,direct match
Gentiana_frigida_49945_PHA004049_BGN_NI,Gentiana_frigida,direct match
Gentiana_cruciata_49943_PHA004043_BGN_IS,Gentiana_cruciata,direct match
Gentiana_clusii_49942_PHA004041_BGN_MR,Gentiana_clusii,direct match
Gentiana_ciliata_49941_PHA004037_BGN_LQ,Gentianopsis_ciliata,direct match
Gentiana_brachyphylla_49939_PHA004030_BGN_IR,Gentiana_brachyphylla,direct match
Gentiana_bavarica_49937_PHA004027_BGN_IQ,Gentiana_bavarica,direct match
Gentiana_asclepiadea_49935_PHA004020_BGN_LE,Gentiana_asclepiadea,direct match
Gentiana_acaulis_49933_PHA004007_BGN_IA,Gentiana_acaulis,direct match
Genista_tinctoria_oligosperma_1851360_CAR004005_BGN_MCV,Genista_tinctoria,direct match
Genista_sagittalis_delphinensis_1533081_PHA003995_BGN_HBT,Genista_sagittalis,direct match
Genista_radiata_136799_PHA003992_BGN_HBB,Genista_radiata,direct match
Genista_pilosa_238501_PHA009968_BGN_MKQ,Genista_pilosa,direct match
Genista_germanica_49823_PHA003976_BGN_DS,Genista_germanica,direct match
Galium_verum_verum_462873_PHA003965_RSZ_RSZAXPI000777-107,Galium_verum,direct match
Galium_truniacum_1533078_PHA003957_BGN_BVD,Galium_truniacum,direct match
Galium_sylvaticum_581248_PHA003944_BGN_BIT,Galium_sylvaticum,direct match
Galium_rubrum_1533074_PHA003934_BGN_HSV,Galium_rubrum,direct match
Galium_rotundifolium_715713_PHA003931_BGN_FKL,Galium_rotundifolium,direct match
Galium_pumilum_715709_PHA003924_BGN_FGI,Galium_pumilum,direct match
Galium_palustre_29793_TROM_V_133544_BMB_DP,Galium_palustre,direct match
Galium_odoratum_35899_TROM_V_133935_BXA_BVS,Galium_odoratum,direct match
Galium_noricum_1533071_PHA003904_BGN_BVC,Galium_noricum,direct match
Galium_montis-arerae_1533070_PHA003900_BGN_EIG,Galium_montis-arerae,direct match
Galium_mollugo_254777_PHA003898_BGN_ABQ,Galium_mollugo,direct match
Galium_megalospermum_1395545_PHA003895_BGN_BIR,Galium_megalospermum,direct match
Galium_margaritaceum_1533068_PHA003892_BGN_ITC,Galium_margaritaceum,direct match
Galium_lucidum_29792_PHA003890_RSZ_RSZAXPI000848-52,Galium_lucidum,direct match
Galium_laevigatum_1533067_PHA003888_BGN_IPK,Galium_laevigatum,direct match
Galium_boreale_35896_PHA003871_BGN_DPV,Galium_boreale,direct match
Galium_baldense_1533064_PHA003869_BGN_EIF,Galium_baldense,direct match
Galium_aristatum_1533062_PHA003863_BGN_BCM,Galium_aristatum,direct match
Galium_aparine_29788_PHA003859_BGN_AVP,Galium_aparine,direct match
Galium_anisophyllon_882674_PHA003858_BGN_ADP,Galium_anisophyllon,direct match
Galeopsis_tetrahit_1000418_TROM_V_133839_BMB_FM,Galeopsis_tetrahit,direct match
Galeopsis_speciosa_457140_TROM_V_966014_BXA_AKH,Galeopsis_speciosa,direct match
Galeopsis_pubescens_457139_PHA003841_BGN_EIC,Galeopsis_pubescens,direct match
Galeopsis_ladanum_1030043_PHA003839_BGN_EIB,Galeopsis_ladanum,direct match
Galeopsis_bifida_572113_PHA003836_BGN_ITB,Galeopsis_bifida,direct match
Fraxinus_ornus_38874_PHA003771_BGN_DR,Fraxinus_ornus,direct match
Fraxinus_excelsior_38873_PHA009967_RSZ_RSZAXPI000740-35,Fraxinus_excelsior,direct match
Frangula_alnus_106677_PHA003761_BGN_KIM,Frangula_alnus,direct match
Fragaria_viridis_64942_TROM_V_965154_CDM_ABS,Fragaria_viridis,direct match
Fragaria_vesca_57918_PHA003757_BGN_ACG,Fragaria_vesca,direct match
Fragaria_moschata_64940_PHA003756_BGN_EHP,Fragaria_moschata,direct match
Fourraea_alpina_81980_PHA003749_BGN_BFE,Fourraea_alpina,direct match
Filipendula_ulmaria_denudata_57917_PHA003738_BGN_ITA,Filipendula_ulmaria,direct match
Festuca_vivipara_745661_TROM_V_966048_BMB_KM,Festuca_vivipara,direct match
Festuca_versicolor_versicolor_1851356_CAR003718_BGN_LPI,Festuca_versicolor,direct match
Festuca_spectabilis_199745_PHA003705_BGN_IST,Festuca_spectabilis,direct match
Festuca_scabriculmis_scabriculmis_464079_PHA003704_BGN_KDR,Festuca_scabriculmis,direct match
Festuca_rupicaprina_116553_PHA003701_BGN_BIP,Festuca_rupicaprina,direct match
Festuca_pulchella_pulchella_199744_PHA003696_BGN_IPH,Festuca_pulchella,direct match
Festuca_pratensis_4608_TROM_V_967852_BXA_ATN,Festuca_pratensis,direct match
Festuca_paniculata_145848_PHA003690_BGN_AGK,Festuca_paniculata,direct match
Festuca_pallens_225185_PHA003689_BGN_MCS,Festuca_pallens,direct match
Festuca_norica_464066_PHA003687_BGN_KPB,Festuca_norica,direct match
Festuca_nitida_1532828_PHA003686_BGN_EHL,Festuca_nitida,direct match
Festuca_nigrescens_370721_PHA003685_BGN_AHV,Festuca_nigrescens,direct match
Festuca_laxa_1532827_PHA003679_BGN_EHK,Festuca_laxa,direct match
Festuca_laevigata_crassifolia_1532825_PHA003676_BGN_IAB,Festuca_laevigata,direct match
Festuca_heterophylla_89682_PHA003674_BGN_DP,Festuca_heterophylla,direct match
Festuca_halleri_subsp_halleri_464054_PHA003670_BGN_PZA,Festuca_halleri,direct match
Festuca_gigantea_29677_PHA003666_BGN_BIM,Festuca_gigantea,direct match
Festuca_calva_1532823_PHA003650_BGN_ISS,Festuca_calva,direct match
Festuca_arundinacea_subsp_arundinacea_218136_PHA003642_BGN_PZC,Festuca_arundinacea,direct match
Festuca_amethystina_464034_PHA003639_BGN_GPQ,Festuca_amethystina,direct match
Festuca_altissima_145835_TROM_V_147957_BXA_APR,Festuca_altissima,direct match
Festuca_alpina_alpina_145834_PHA003636_BGN_BIK,Festuca_alpina,direct match
Festuca_alpestris_1532821_PHA003632_BGN_EHI,Festuca_alpestris,direct match
Festuca_acuminata_1532819_PHA003630_BGN_EHH,Festuca_acuminata,direct match
Fagus_sylvatica_28930_PHA003612_RSZ_RSZAXPI000674-64,Fagus_sylvatica,direct match
Euphrasia_stricta_374709_PHA003605_BGN_BIH,Euphrasia_stricta,direct match
Euphrasia_salisburgensis_475020_PHA003604_BGN_BIG,Euphrasia_salisburgensis,direct match
Euphrasia_minima_475014_PHA003596_BGN_ADL,Euphrasia_minima,direct match
Euphrasia_hirtella_290218_PHA003591_BGN_EHD,Euphrasia_hirtella,direct match
Euphrasia_cuspidata_1532816_PHA003588_BGN_BTR,Euphrasia_cuspidata,direct match
Euphrasia_alpina_forme_pseudalpina_474997_PHA003581_BGN_GVS,Euphrasia_alpina,direct match
Euphorbia_dulcis_3992_PHA003503_BGN_AGQ,Euphorbia_dulcis,direct match
Euphorbia_cyparissias_38844_PHA003499_BGN_ADK,Euphorbia_cyparissias,direct match
Euphorbia_carniolica_1087758_PHA003490_BGN_EGL,Euphorbia_carniolica,direct match
Euphorbia_austriaca_1087754_PHA009965_RSZ_RSZAXPI000758-85,Euphorbia_austriaca,direct match
Euphorbia_amygdaloides_38843_PHA003487_BGN_BFC,Euphorbia_amygdaloides,direct match
Eupatorium_cannabinum_102770_PHA003485_BGN_BIE,Eupatorium_cannabinum,direct match
Euonymus_latifolius_1089399_PHA003477_BGN_BID,Euonymus_latifolius,direct match
Erysimum_sylvestre_1370092_PHA003453_BGN_IPE,Erysimum_sylvestre,direct match
Eritrichium_nanum_184082_PHA-ERI_NAN_292_BGN_QCE,Eritrichium_nanum,direct match
Eriophorum_vaginatum_76438_TROM_V_91221_BMB_GS,Eriophorum_vaginatum,direct match
Eriophorum_scheuchzeri_395292_TROM_V_147255_BMB_GR,Eriophorum_scheuchzeri,direct match
Eriophorum_latifolium_1155236_PHA003390_BGN_BIC,Eriophorum_latifolium,direct match
Eriophorum_angustifolium_100292_TROM_V_968063_BXA_CHD,Eriophorum_angustifolium,direct match
Erinus_alpinus_165304_PHA009964_BGN_NKD,Erinus_alpinus,direct match
Erigeron_uniflorus_72932_PHA003379_BGN_ADI,Erigeron_uniflorus,direct match
Erigeron_neglectus_1532813_PHA003375_BGN_DVK,Erigeron_neglectus,direct match
Erigeron_alpinus_1532809_PHA003357_BGN_EFQ,Erigeron_alpinus,direct match
Erigeron_acris_subsp_droebachiensis_2835579_TROM_V_72115_CDM_BGJ,Erigeron_acris,direct match
Erica_carnea_185769_PHA003342_BGN_GTE,Erica_carnea,direct match
Epipactis_helleborine_28472_PHA003285_RSZ_RSZAXPI000741-37,Epipactis_helleborine,direct match
Epipactis_atrorubens_492483_PHA003279_RSZ_RSZAXPI001148-35,Epipactis_atrorubens,direct match
Epilobium_palustre_669682_TROM_V_962480_BMB_EF,Epilobium_palustre,direct match
Epilobium_nutans_1532804_PHA003261_BGN_ISK,Epilobium_nutans,direct match
Epilobium_montanum_470570_PHA003260_BGN_HES,Epilobium_montanum,direct match
Epilobium_dodonaei_33136_PHA003251_BGN_PWP,Epilobium_dodonaei,direct match
Epilobium_collinum_1532802_PHA003250_BGN_LTM,Epilobium_collinum,direct match
Epilobium_ciliatum_33132_TROM_V_964413_BXA_BVA,Epilobium_ciliatum,direct match
Epilobium_anagallidifolium_669677_PHA003244_BGN_FGE,Epilobium_anagallidifolium,direct match
Epilobium_alsinifolium_669676_PHA003242_BGN_FGD,Epilobium_alsinifolium,direct match
Epilobium_alpestre_1532801_PHA003240_BGN_FGC,Epilobium_alpestre,direct match
Empetrum_nigrum_subsp_hermaphroditum_199171_TROM_V_962923_BMB_E,Empetrum_hermaphroditum,direct match
Empetrum_nigrum_191066_TROM_V_135794_BXA_CKW,Empetrum_nigrum,direct match
Elyna_myosuroides_140873_PHA003221_BGN_BHN,Kobresia_myosuroides,direct match
Elymus_caninus_129741_PHA003215_BGN_BHM,Elymus_caninus,direct match
Eleocharis_palustris_110297_PHA003202_BGN_KEK,Eleocharis_palustris,direct match
Dryas_octopetala_57948_TROM_V_963983_BXA_BVB,Dryas_octopetala,direct match
Drosera_rotundifolia_173423_PHA003117_BGN_PBD,Drosera_rotundifolia,direct match
Draba_tomentosa_87305_PHA003100_BGN_EER,Draba_tomentosa,direct match
Draba_stellata_1532794_PHA003095_BGN_BTP,Draba_stellata,direct match
Draba_siliquosa_311965_PHA003089_BGN_KIQ,Draba_siliquosa,direct match
Draba_hoppeana_1532792_PHA003071_BGN_EEL,Draba_hoppeana,direct match
Draba_fladnizensis_95392_PHA003065_BGN_HSE,Draba_fladnizensis,direct match
Draba_dubia_87303_PHA003062_BGN_KIK,Draba_dubia,direct match
Draba_aizoides_aizoides_87302_PHA003053_BGN_AIP,Draba_aizoides,direct match
Dorycnium_pentaphyllum_germanicum_754873_PHA003036_BGN_KNP,Dorycnium_germanicum,direct match
Doronicum_grandiflorum_118763_PHA003025_BGN_DK,Doronicum_grandiflorum,direct match
Doronicum_glaciale_calcareum_118762_PHA003020_BGN_BTN,Doronicum_glaciale,direct match
Doronicum_columnae_118758_TROM_V_965897_BXA_AFP,Doronicum_columnae,direct match
Doronicum_clusii_villosum_118757_PHA003016_BGN_EEQ,Doronicum_clusii,direct match
Doronicum_cataractarum_118756_PHA003011_BGN_EEF,Doronicum_cataractarum,direct match
Doronicum_austriacum_118751_PHA003007_BGN_EEE,Doronicum_austriacum,direct match
Digitalis_lutea_285825_PHA002961_BGN_DME,Digitalis_lutea,direct match
Digitalis_grandiflora_38791_PHA002960_BGN_ADH,Digitalis_grandiflora,direct match
Dianthus_sylvestris_longicaulis_1532770_PHA002949_BGN_ANV,Dianthus_sylvestris,direct match
Dianthus_superbus_superbus_1268177_PHA002946_BGN_EEB,Dianthus_superbus,direct match
Dianthus_sternbergii_1532772_PHA002939_BGN_ISG,Dianthus_sternbergii,direct match
Dianthus_plumarius_129770_PHA002926_BGN_KRV,Dianthus_plumarius,direct match
Dianthus_glacialis_gelidus_1907882_CAR002908_BGN_NBA,Dianthus_glacialis,direct match
Dianthus_carthusianorum_capillifrons_1532768_PHA002893_BGN_KRT,Dianthus_carthusianorum,direct match
Dianthus_barbatus_278075_PHA002888_BGN_EDR,Dianthus_barbatus,direct match
Dianthus_alpinus_1532765_PHA002879_BGN_AKI,Dianthus_alpinus,direct match
Deschampsia_cespitosa_37723_TROM_V_148082_BMB_CM,Deschampsia_cespitosa,direct match
Daphne_striata_882673_PHA002845_RSZ_RSZAXPI000713-111,Daphne_striata,direct match
Daphne_mezereum_66680_PHA002842_BGN_ATN,Daphne_mezereum,direct match
Daphne_cneorum_224033_PHA002837_BGN_RV,Daphne_cneorum,direct match
Danthonia_decumbens_500232_TROM_V_174952_CDM_ASH,Danthonia_decumbens,direct match
Dactylorhiza_majalis_231484_PHA002814_BGN_ATM,Dactylorhiza_majalis,direct match
Dactylorhiza_maculata_230572_TROM_V_133950_BXA_AVQ,Dactylorhiza_maculata,direct match
Dactylis_glomerata_4509_TROM_V_964999_BMB_KR,Dactylis_glomerata,direct match
Cynosurus_cristatus_211939_PHA002748_BGN_ATH,Cynosurus_cristatus,direct match
Cyclamen_purpurascens_87532_PHA002728_BGN_PP,Cyclamen_purpurascens,direct match
Cuscuta_epithymum_epithymum_1604719_PHA009951_RSZ_RSZAXPI001343-16,Cuscuta_epithymum,direct match
Cruciata_laevipes_29786_PHA002693_BGN_BCK,Cruciata_laevipes,direct match
Cruciata_glabra_29785_PHA002692_BGN_ATG,Cruciata_glabra,direct match
Crepis_terglouensis_1532754_PHA002662_BGN_EDA,Crepis_terglouensis,direct match
Crepis_rhaetica_268026_PHA002655_BGN_ECS,Crepis_rhaetica,direct match
Crepis_pyrenaica_122533_PHA002652_BGN_ABN,Crepis_pyrenaica,direct match
Crepis_paludosa_310247_PHA002641_BGN_ATE,Crepis_paludosa,direct match
Crepis_jacquinii_268019_PHA002629_BGN_BTK,Crepis_jacquinii,direct match
Crepis_froelichiana_froelichiana_268018_PHA002627_BGN_ECN,Crepis_froelichiana,direct match
Crepis_conyzifolia_268015_PHA002622_BGN_EVQ,Crepis_conyzifolia,direct match
Crepis_aurea_212669_PHA002610_BGN_AHA,Crepis_aurea,direct match
Crepis_alpestris_268012_PHA002609_BGN_ISD,Crepis_alpestris,direct match
Crataegus_monogyna_140997_PHA002606_BGN_ATB,Crataegus_monogyna,direct match
Cotoneaster_tomentosus_1143230_PHA002597_BGN_CAD,Cotoneaster_tomentosus,direct match
Cotoneaster_integerrimus_690321_PHA002591_BGN_ABM,Cotoneaster_integerrimus,direct match
Corylus_avellana_13451_PHA002571_BGN_ATA,Corylus_avellana,direct match
Cortusa_matthioli_55385_PHA002555_BGN_LN,Primula_matthioli,direct match
Coronilla_vaginalis_390707_PHA002545_BGN_GRG,Coronilla_vaginalis,direct match
Corallorhiza_trifida_451881_PHA002518_RSZ_RSZAXPI001354-85,Corallorhiza_trifida,direct match
Convallaria_majalis_32189_PHA002506_RSZ_RSZAXPI001145-169,Convallaria_majalis,direct match
Comastoma_tenellum_149054_TROM_V_961287_CDM_BEG,Comastoma_tenellum,direct match
Colchicum_autumnale_45005_PHA002483_RSZ_RSZAXPI000769-98,Colchicum_autumnale,direct match
Coincya_cheiranthos_montana_400013_PHA002477_BGN_ECD,Coincya_monensis,direct match
Coeloglossum_viride_230577_TROM_V_162360_BMB_MC,Coeloglossum_viride,direct match
Cochlearia_pyrenaica_excelsa_126273_PHA002468_BGN_ECC,Cochlearia_excelsa,direct match
Clinopodium_vulgare_vulgare_1211451_PHA002456_BGN_BCF,Clinopodium_vulgare,direct match
Clinopodium_alpinum_majoranifolium_1907878_CAR002452_BGN_NAQ,Clinopodium_alpinum,direct match
Clematis_vitalba_37490_PHA002446_BGN_TI,Clematis_vitalba,direct match
Clematis_alpina_522534_PHA009948_BGN_MCF,Clematis_alpina,direct match
Cirsium_vulgare_92907_PHA002417_BGN_DMA,Cirsium_vulgare,direct match
Cirsium_spinosissimum_196741_PHA002414_BGN_ABL,Cirsium_spinosissimum,direct match
Cirsium_palustre_143190_PHA002405_BGN_FKB,Cirsium_palustre,direct match
Cirsium_oleraceum_297476_PHA002403_BGN_HSN,Cirsium_oleraceum,direct match
Cirsium_montanum_196729_PHA002398_BGN_EBV,Cirsium_montanum,direct match
Cirsium_erisithales_688287_PHA002385_BGN_GSV,Cirsium_erisithales,direct match
Cirsium_eriophorum_eriophorum_688286_PHA002382_BGN_ABK,Cirsium_eriophorum,direct match
Cirsium_carniolicum_403000_PHA002380_BGN_ASS,Cirsium_carniolicum,direct match
Cirsium_arvense_41550_TROM_V_966429_BXA_AGA,Cirsium_arvense,direct match
Cirsium_acaule_192477_PHA002375_BGN_ABI,Cirsium_acaule,direct match
Circaea_alpina_22655_PHA002369_BGN_LEL,Circaea_alpina,direct match
Cicerbita_alpina_75961_TROM_V_148263_BXA_AGE,Lactuca_alpina,direct match
Chrysosplenium_alternifolium_80774_PHA002349_BGN_FFV,Chrysosplenium_alternifolium,direct match
Chenopodium_bonus-henricus_122298_PHA002295_BGN_ABH,Chenopodium_bonus-henricus,direct match
Chamorchis_alpina_413032_TROM_V_968204_CDM_ANM,Chamorchis_alpina,direct match
Chamaecytisus_purpureus_49806_PHA002276_BGN_EBE,Chamaecytisus_purpureus,direct match
Chamaecytisus_hirsutus_pumilus_1211454_PHA002275_BGN_GST,Chamaecytisus_hirsutus,direct match
Chaerophyllum_villarsii_109111_PHA002270_BGN_AGE,Chaerophyllum_villarsii,direct match
Chaerophyllum_hirsutum_109101_PHA002266_BGN_PYL,Chaerophyllum_hirsutum,direct match
Chaerophyllum_aureum_109094_PHA002263_BGN_ABS,Chaerophyllum_aureum,direct match
Cerastium_uniflorum_271547_PHA002239_BGN_GFS,Cerastium_uniflorum,direct match
Cerastium_subtriflorum_1516114_PHA002233_BGN_ISA,Cerastium_subtriflorum,direct match
Cerastium_pedunculatum_271594_PHA002225_BGN_EAV,Cerastium_pedunculatum,direct match
Cerastium_latifolium_271544_PHA002219_BGN_DC,Cerastium_latifolium,direct match
Cerastium_julicum_1532336_PHA002216_RSZ_RSZAXPI000767-96,Cerastium_julicum,direct match
Cerastium_eriophorum_271543_PHA002203_BGN_BTH,Cerastium_eriophorum,direct match
Cerastium_cerastoides_271580_PHA002201_BGN_DSR,Cerastium_cerastoides,direct match
Cerastium_carinthiacum_carinthiacum_1532334_PHA002200_BGN_EAR,Cerastium_carinthiacum,direct match
Cerastium_arvense_271558_TROM_V_38372_CDM_BCZ,Cerastium_arvense,direct match
Cerastium_alpinum_lanatum_1532332_TROM_V_963828_BMB_MV,Cerastium_alpinum,direct match
Cephalanthera_rubra_210728_PHA002166_RSZ_RSZAXPI001142-140,Cephalanthera_rubra,direct match
Cephalanthera_longifolia_210729_PHA002163_RSZ_RSZAXPI000839-35,Cephalanthera_longifolia,direct match
Centaurea_triumfettii_629255_TROM_V_19678_BXA_AGF,Centaurea_triumfettii,direct match
Centaurea_scabiosa_scabiosa_145517_PHA002123_BGN_AFN,Centaurea_scabiosa,direct match
Centaurea_rhaetica_1384024_PHA002110_BGN_DES,Centaurea_rhaetica,direct match
Centaurea_nigrescens_vochinensis_1851342_PHA002099_BGN_LIS,Centaurea_nigrescens,direct match
Centaurea_nervosa_nervosa_1532324_PHA002094_BGN_DER,Centaurea_nervosa,direct match
Centaurea_montana_41537_TROM_V_53981_BXA_AGP,Centaurea_montana,direct match
Centaurea_jacea_angustifolia_1436102_PHA002070_BGN_IRV,Centaurea_jacea,direct match
Carum_carvi_48032_PHA002029_BGN_DA,Carum_carvi,direct match
Carlina_vulgaris_41500_TROM_V_38293_CDM_AOG,Carlina_vulgaris,direct match
Carlina_acaulis_acaulis_538472_PHA002011_BGN_FBE,Carlina_acaulis,direct match
Carex_sylvatica_241234_TROM_V_89859_CDM_ARZ,Carex_sylvatica,direct match
Carex_sempervirens_241232_PHA001985_BGN_CS,Carex_sempervirens,direct match
Carex_rupestris_100286_PHA001983_BGN_DEC,Carex_rupestris,direct match
Carex_rostrata_241230_PHA001979_BGN_DSQ,Carex_rostrata,direct match
Carex_remota_234465_PHA001976_BGN_CQ,Carex_remota,direct match
Carex_pilulifera_140848_TROM_V_103356_CDM_AOT,Carex_pilulifera,direct match
Carex_paupercula_140845_PHA001954_BGN_GNF,Carex_paupercula,direct match
Carex_parviflora_241225_PHA001949_BGN_CM,Carex_parviflora,direct match
Carex_paniculata_240683_PHA001946_BGN_CL,Carex_paniculata,direct match
Carex_panicea_241224_PHA001942_BGN_CFM,Carex_panicea,direct match
Carex_pallescens_140842_TROM_V_961999_BMB_KV,Carex_pallescens,direct match
Carex_ornithopoda_241222_TROM_V_135598_CDM_ASU,Carex_ornithopoda,direct match
Carex_norvegica_subsp_norvegica_1500773_TROM_V_200466_CDM_ARG,Carex_norvegica,direct match
Carex_muricata_140838_TROM_V_89846_CDM_AOV,Carex_muricata,direct match
Carex_mucronata_241219_PHA001921_BGN_INP,Carex_mucronata,direct match
Carex_montana_140837_PHA001920_BGN_CH,Carex_montana,direct match
Carex_limosa_140829_PHA001905_BGN_CG,Carex_limosa,direct match
Carex_leporina_372273_TROM_V_961822_CDM_AST,Carex_leporina,direct match
Carex_lachenalii_240688_TROM_V_148602_BMB_NE,Carex_lachenalii,direct match
Carex_humilis_140822_PHA001887_BGN_BET,Carex_humilis,direct match
Carex_hirta_15193_TROM_V_75125_CDM_AUB,Carex_hirta,direct match
Carex_fuliginosa_241210_CAR001871_BGN_NAG,Carex_fuliginosa,direct match
Carex_frigida_241209_PHA001865_BGN_DSP,Carex_frigida,direct match
Carex_foetida_240675_PHA001864_BGN_CB,Carex_foetida,direct match
Carex_flava_140816_TROM_V_963829_BMB_NF,Carex_flava,direct match
Carex_flacca_140814_TROM_V_134662_BXA_AQK,Carex_flacca,direct match
Carex_firma_140813_PHA001854_BGN_BV,Carex_firma,direct match
Carex_ferruginea_ferruginea_241208_PHA001848_BGN_ASI,Carex_ferruginea,direct match
Carex_ericetorum_140809_TROM_V_965316_BXA_CBH,Carex_ericetorum,direct match
Carex_echinata_234467_TROM_V_89490_BMB_HK,Carex_echinata,direct match
Carex_dioica_111420_PHA001828_BGN_DDK,Carex_dioica,direct match
Carex_digitata_140805_PHA001826_BGN_MSI,Carex_digitata,direct match
Carex_davalliana_240674_PHA001815_BGN_BR,Carex_davalliana,direct match
Carex_curvula_curvula_475880_PHA001808_BGN_EST,Carex_curvula,direct match
Carex_caryophyllea_502401_PHA001805_BGN_DDE,Carex_caryophyllea,direct match
Carex_capillaris_241203_PHA001799_BGN_DSN,Carex_capillaris,direct match
Carex_canescens_140796_TROM_V_162320_BMB_NK,Carex_canescens,direct match
Carex_brunnescens_240691_TROM_V_60149_CDM_APN,Carex_brunnescens,direct match
Carex_brizoides_240677_PHA001790_BGN_ASH,Carex_brizoides,direct match
Carex_brachystachys_241201_PHA001785_BGN_LPV,Carex_brachystachys,direct match
Carex_bigelowii_241200_TROM_V_62567_CDM_ASK,Carex_bigelowii,direct match
Carex_baldensis_442460_PHA001776_BGN_BP,Carex_baldensis,direct match
Carex_atrata_atrata_241196_PHA009941_AXZ_D,Carex_atrata,direct match
Carex_alba_241195_PHA001764_BGN_FKS,Carex_alba,direct match
Carduus_personata_personata_594554_PHA001754_BGN_FEG,Carduus_personata,direct match
Carduus_defloratus_tridentinus_1532310_PHA001742_BGN_DCV,Carduus_defloratus,direct match
Carduus_carduelis_1532306_PHA001727_BGN_FMA,Carduus_carduelis,direct match
Cardaminopsis_arenosa_borbasii_1532269_PHA001715_BGN_ILV,Arabidopsis_arenosa,direct match
Cardamine_trifolia_352363_PHA001710_BGN_FLS,Cardamine_trifolia,direct match
Cardamine_resedifolia_352370_PHA001709_BGN_DCR,Cardamine_resedifolia,direct match
Cardamine_pratensis_50465_PHA001704_BGN_AVD,Cardamine_pratensis,direct match
Cardamine_pentaphyllos_82288_PHA001699_BGN_ILT,Cardamine_pentaphyllos,direct match
Cardamine_impatiens_82286_TROM_V_114495_CDM_AID,Cardamine_impatiens,direct match
Cardamine_heptaphylla_558121_PHA001692_BGN_CLK,Cardamine_heptaphylla,direct match
Cardamine_flexuosa_50462_PHA001689_BGN_DCQ,Cardamine_flexuosa,direct match
Cardamine_enneaphyllos_416611_PHA001685_BGN_DCP,Cardamine_enneaphyllos,direct match
Cardamine_bulbifera_82356_PHA001681_BGN_AVC,Cardamine_bulbifera,direct match
Cardamine_asarifolia_228783_PHA001680_BGN_DCM,Cardamine_asarifolia,direct match
Cardamine_amara_amara_228776_PHA001676_BGN_DCL,Cardamine_amara,direct match
Cardamine_alpina_austriaca_352360_PHA001674_BGN_KLN,Cardamine_alpina,direct match
Campanula_trachelium_85178_TROM_V_59429_CDM_AOI,Campanula_trachelium,direct match
Campanula_thyrsoides_thyrsoides_239427_PHA001645_RSZ_RSZAXPI000838-34,Campanula_thyrsoides,direct match
Campanula_spicata_361401_PHA001633_RSZ_RSZAXPI000951-89,Campanula_spicata,direct match
Campanula_rotundifolia_239422_CLA001613_BGN_MPM,Campanula_rotundifolia,direct match
Campanula_rapunculoides_209536_PHA001597_RSZ_RSZAXPI001156-101,Campanula_rapunculoides,direct match
Campanula_raineri_361397_PHA001594_BGN_PL,Campanula_raineri,direct match
Campanula_pulla_361396_PHA001590_BGN_NF,Campanula_pulla,direct match
Campanula_patula_patula_440359_PHA001577_BGN_PI,Campanula_patula,direct match
Campanula_morettiana_361393_PHA001572_BGN_PH,Campanula_morettiana,direct match
Campanula_latifolia_239410_PHA001559_RSZ_RSZAXPI000836-32,Campanula_latifolia,direct match
Campanula_glomerata_82281_TROM_V_126765_BXA_BHV,Campanula_glomerata,direct match
Campanula_cespitosa_361377_PHA001512_BGN_NE,Campanula_cespitosa,direct match
Campanula_cenisia_361375_PHA001508_BGN_KB,Campanula_cenisia,direct match
Campanula_carnica_puberula_1532300_PHA001503_BGN_ALM,Campanula_carnica,direct match
Campanula_barbata_239399_PHA001487_BGN_KA,Campanula_barbata,direct match
Campanula_alpina_361372_PHA001482_BGN_ND,Campanula_alpina,direct match
Caltha_palustris_3449_PHA001463_BGN_GSQ,Caltha_palustris,direct match
Calluna_vulgaris_13385_PHA001461_RSZ_RSZAXPI001450-44,Calluna_vulgaris,direct match
Callianthemum_coriandrifolium_253619_PHA001450_BGN_NFV,Callianthemum_coriandrifolium,direct match
Calamagrostis_villosa_258806_PHA001427_BGN_BK,Calamagrostis_villosa,direct match
Calamagrostis_varia_1000416_PHA001424_BGN_BI,Calamagrostis_varia,direct match
Calamagrostis_epigejos_29668_TROM_V_351305_BXA_BAM,Calamagrostis_epigejos,direct match
Calamagrostis_arundinacea_389630_TROM_V_49157_CDM_AUI,Calamagrostis_arundinacea,direct match
Bupleurum_stellatum_199753_PHA001401_BGN_DCB,Bupleurum_stellatum,direct match
Bupleurum_ranunculoides_52452_CAR001387_BGN_NAC,Bupleurum_ranunculoides,direct match
Bupleurum_petraeum_1384023_PHA001382_BGN_DVF,Bupleurum_petraeum,direct match
Bupleurum_falcatum_falcatum_46367_PHA001375_BGN_BCD,Bupleurum_falcatum,direct match
Buphthalmum_salicifolium_56523_PHA001368_BGN_BG,Buphthalmum_salicifolium,direct match
Bromus_erectus_transylvanicus_29666_PHA001311_BGN_DBQ,Bromus_erectus,direct match
Bromus_benekenii_1155254_PHA001301_BGN_DBL,Bromus_benekenii,direct match
Briza_media_281077_TROM_V_163585_BXA_AQQ,Briza_media,direct match
Braya_alpina_253198_PHA001291_BGN_LIP,Braya_alpina,direct match
Brachypodium_sylvaticum_29664_PHA001278_BGN_DLQ,Brachypodium_sylvaticum,direct match
Brachypodium_pinnatum_29663_TROM_V_34626_CDM_AOL,Brachypodium_pinnatum,direct match
Blysmus_compressus_130937_PHA001250_BGN_AV,Blysmus_compressus,direct match
Bistorta_vivipara_371026_TROM_V_162356_BMB_LA,Persicaria_vivipara,direct match
Bistorta_officinalis_125587_TROM_V_135637_BXA_ATH,Persicaria_bistorta,direct match
Biscutella_laevigata_lucida_380182_PHA001232_BGN_DBD,Biscutella_laevigata,direct match
Betula_pubescens_38787_TROM_V_965896_BMB_LB,Betula_pubescens,direct match
Betula_pendula_3505_PHA001200_BGN_FKQ,Betula_pendula,direct match
Berberis_vulgaris_258209_PHA001187_RSZ_RSZAXPI000764-93,Berberis_vulgaris,direct match
Bellis_perennis_41492_TROM_V_964055_BXA_BLR,Bellis_perennis,direct match
Bartsia_alpina_46052_PHA001171_RSZ_RSZAXPI000971-123,Bartsia_alpina,direct match
Barbarea_vulgaris_50459_TROM_V_75552_BXA_BLT,Barbarea_vulgaris,direct match
Barbarea_stricta_264399_PHA001163_BGN_DAQ,Barbarea_stricta,direct match
Avenula_versicolor_pretujiana_87474_PHA001143_BGN_DLP,Avenula_versicolor,direct match
Avenula_pubescens_87471_TROM_V_651701_BMB_HC,Homalotrichon_pubescens,direct match
Avenella_flexuosa_29672_TROM_V_162336_BXA_AQF,Avenella_flexuosa,direct match
Atropa_bella-donna_33113_PHA001130_BGN_ASB,Atropa_belladonna,direct match
Atocion_rupestre_39910_TROM_V_962015_BMB_PE,Atocion_rupestre,direct match
Athamanta_vestita_109084_PHA001114_BGN_DAF,Athamanta_cretensis,direct match
Astrantia_minor_155272_PHA001104_BGN_DAD,Astrantia_minor,direct match
Astrantia_major_major_52505_PHA001100_BGN_ABD,Astrantia_major,direct match
Astrantia_carniolica_1532289_PHA001098_BGN_IRN,Astrantia_carniolica,direct match
Astrantia_bavarica_393503_PHA001096_BGN_BTC,Astrantia_bavarica,direct match
Astragalus_penduliflorus_158323_PHA001071_BGN_AGS,Astragalus_penduliflorus,direct match
Astragalus_glycyphyllos_83862_TROM_V_965304_BXA_BID,Astragalus_glycyphyllos,direct match
Astragalus_frigidus_339488_PHA001052_BGN_AR,Astragalus_frigidus,direct match
Astragalus_australis_australis_90161_PHA001030_BGN_DQT,Astragalus_australis,direct match
Astragalus_alpinus_20403_PHA001026_BGN_AQ,Astragalus_alpinus,direct match
Aster_bellidiastrum_191233_PHA001002_BGN_CLH,Bellidiastrum_michelii,direct match
Aster_alpinus_669631_PHA000997_BGN_AP,Aster_alpinus,direct match
Asphodelus_macrocarpus_207931_PHA009932_RSZ_RSZAXPI000735-26,Asphodelus_macrocarpus,direct match
Asperula_neilreichii_1532279_PHA000933_BGN_BTB,Asperula_neilreichii,direct match
Asperula_cynanchica_35891_PHA000929_BGN_AFD,Asperula_cynanchica,direct match
Asperula_aristata_1274300_PHA000923_BGN_CVC,Asperula_aristata,direct match
Asarum_europaeum_49456_TROM_V_38283_CDM_AAB,Asarum_europaeum,direct match
Aruncus_dioicus_32220_TROM_V_966002_BXA_BTG,Aruncus_dioicus,direct match
Arum_maculatum_4458_PHA000892_BGN_BER,Arum_maculatum,direct match
Artemisia_genipi_223866_PHA000865_RSZ_RSZAXPI000711-108,Artemisia_genipi,direct match
Arnica_montana_436207_TROM_V_59412_CDM_AAD,Arnica_montana,direct match
Armeria_arenaria_bupleuroides_427337_PHA000829_BGN_CHM,Armeria_alpina,direct match
Arenaria_serpyllifolia_254029_TROM_V_146364_BMB_MK,Arenaria_serpyllifolia,direct match
Arenaria_marschlinsii_1532272_PHA000806_BGN_KLA,Arenaria_marschlinsii,direct match
Arenaria_huteri_1532271_PHA000803_BGN_IRL,Arenaria_huteri,direct match
Arenaria_ciliata_multicaulis_1403275_PHA000797_BGN_FLQ,Arenaria_ciliata,direct match
Arenaria_biflora_1403277_PHA000793_BGN_LQT,Arenaria_biflora,direct match
Aremonia_agrimonoides_57914_PHA000784_BGN_CTF,Aremonia_agrimonoides,direct match
Arctostaphylos_uva-ursi_84009_TROM_V_76920_BXA_BKN,Arctostaphylos_uva-ursi,direct match
Arctostaphylos_alpina_84011_PHA000780_RSZ_RSZAXPI000969-111,Arctostaphylos_alpinus,direct match
Arctium_minus_minus_143172_PHA000773_BGN_CTE,Arctium_minus,direct match
Arabis_vochinensis_586533_PHA000765_BGN_FIG,Arabis_vochinensis,direct match
Arabis_turrita_81982_PHA000762_BGN_BEQ,Pseudoturritis_turrita,direct match
Arabis_subcoriacea_81975_PHA000759_BGN_ASA,Arabis_soyeri,direct match
Arabis_hirsuta_78191_TROM_V_300432_CDM_ALF,Arabis_hirsuta,direct match
Arabis_ciliata_571353_PHA000737_BGN_AFV,Arabis_ciliata,direct match
Arabis_caerulea_586519_PHA000731_BGN_ART,Arabis_caerulea,direct match
Arabis_bellidifolia_stellulata_586531_PHA000728_BGN_FLM,Arabis_stellulata,direct match
Arabis_bellidifolia_bellidifolia_126272_PHA000727_BGN_ING,Arabis_bellidifolia,direct match
Arabis_alpina_alpina_50452_PHA000723_BGN_FIK,Arabis_alpina,direct match
Arabidopsis_halleri_ovirensis_97982_CAR000718_BGN_MVR,Arabidopsis_halleri,direct match
Aquilegia_einseleana_560540_PHA000702_BGN_FLI,Aquilegia_einseleana,direct match
Aposeris_foetida_379615_PHA000691_BGN_IDH,Aposeris_foetida,direct match
Anthyllis_vulneraria_118891_TROM_V_964104_BMB_ML,Anthyllis_vulneraria,direct match
Anthriscus_nitida_109081_PHA000646_BGN_CSS,Anthriscus_nitidus,direct match
Anthoxanthum_odoratum_29661_PHA000638_BGN_AB,Anthoxanthum_odoratum,direct match
Anthoxanthum_alpinum_464093_PHA000637_BGN_Q,Anthoxanthum_alpinum,direct match
Anthericum_ramosum_81729_PHA000635_BGN_CSQ,Anthericum_ramosum,direct match
Anthericum_liliago_51434_PHA000632_BGN_P,Anthericum_liliago,direct match
Anthemis_carpatica_158218_PHA000618_BGN_BSR,Anthemis_carpatica,direct match
Antennaria_dioica_49054_TROM_V_68187_BMB_MM,Antennaria_dioica,direct match
Antennaria_carpatica_49050_PHA000608_BGN_CSN,Antennaria_carpatica,direct match
Angelica_sylvestris_54703_PHA000600_BGN_CHL,Angelica_sylvestris,direct match
Anemone_trifolia_46975_PHA000596_BGN_M,Anemone_trifolia,direct match
Anemone_nemorosa_37489_TROM_V_149521_BXA_ALI,Anemone_nemorosa,direct match
Anemone_narcissiflora_168002_PHA000589_BGN_AGR,Anemonastrum_narcissiflorum,direct match
Anemone_baldensis_1077386_PHA000585_BGN_AFT,Anemone_baldensis,direct match
Androsace_wulfeniana_229462_PHA000577_BGN_NC,Androsace_wulfeniana,direct match
Androsace_villosa_229461_PHA000562_RSZ_RSZAXPI000869-113,Androsace_villosa,direct match
Androsace_obtusifolia_229450_PHA000536_BGN_LP,Androsace_obtusifolia,direct match
Androsace_lactea_184984_PHA010653_GWM_1422,Androsace_lactea,direct match
Androsace_helvetica_199610_PHA009925_AXZ_A,Androsace_helvetica,direct match
Androsace_hausmannii_229440_PHA000512_BGN_PC,Androsace_hausmannii,direct match
Androsace_chamaejasme_175028_PHA000490_BGN_PB,Androsace_chamaejasme,direct match
Androsace_alpina_199609_PHA000477_BGN_LC,Androsace_alpina,direct match
Amelanchier_ovalis_embergeri_1000415_PHA000435_BGN_DVA,Amelanchier_ovalis,direct match
Alyssum_ovirense_1440446_PHA000399_BGN_LIK,Alyssum_wulfenianum,direct match
Alnus_incana_3516_PHA000348_BGN_INE,Alnus_incana,direct match
Alnus_alnobetula_subsp_crispa_3518_TROM_V_135739_BXA_CLM,Alnus_alnobetula,direct match
Allium_victorialis_88845_PHA000329_BGN_DSL,Allium_victorialis,direct match
Allium_schoenoprasum_74900_TROM_V_964855_CDM_AUZ,Allium_schoenoprasum,direct match
Allium_lusitanicum_165632_PHA000291_BGN_FCP,Allium_lusitanicum,direct match
Allium_insubricum_105304_PHA000286_BGN_CRL,Allium_insubricus,direct match
Allium_carinatum_carinatum_1211429_PHA000279_BGN_HSH,Allium_carinatum,direct match
Ajuga_reptans_38596_PHA000227_BGN_ACF,Ajuga_reptans,direct match
Ajuga_pyramidalis_1532252_PHA000224_BGN_DNV,Ajuga_pyramidalis,direct match
Ajuga_genevensis_1532251_PHA000223_BGN_ARN,Ajuga_genevensis,direct match
Agrostis_stolonifera_63632_PHA000210_BGN_EVD,Agrostis_stolonifera,direct match
Agrostis_schraderiana_1395543_PHA000209_BGN_E,Agrostis_schraderiana,direct match
Agrostis_schleicheri_1532250_PHA000207_BGN_CRD,Agrostis_schleicheri,direct match
Agrostis_rupestris_1395542_PHA000205_BGN_INC,Agrostis_rupestris,direct match
Agrostis_capillaris_204232_TROM_V_147591_BXA_ARP,Agrostis_capillaris,direct match
Agrostis_canina_218142_PHA000196_BGN_C,Agrostis_canina,direct match
Agrostis_alpina_1395541_PHA000194_BGN_ARM,Agrostis_alpina,direct match
Agrimonia_procera_1155245_PHA000186_BGN_CRA,Agrimonia_procera,direct match
Aegopodium_podagraria_40902_PHA000167_BGN_ARK,Aegopodium_podagraria,direct match
Adoxa_moschatellina_4208_TROM_V_965424_CDM_AAN,Adoxa_moschatellina,direct match
Adenostyles_leucophylla_217500_PHA000139_RSZ_RSZAXPI000968-109,Adenostyles_leucophylla,direct match
Adenostyles_glabra_1395540_PHA000137_BGN_ARI,Adenostyles_alpina,direct match
Adenostyles_alliariae_1346275_PHA000135_BGN_LID,Adenostyles_alliariae,direct match
Actaea_spicata_64025_PHA000128_BGN_GSI,Actaea_spicata,direct match
Aconitum_variegatum_valesiacum_1532240_PHA000125_BGN_HSF,Aconitum_variegatum,direct match
Aconitum_napellus_tauricum_1532244_PHA000120_BGN_CQQ,Aconitum_napellus,direct match
Aconitum_lycoctonum_vulparia_516012_PHA000115_BGN_ARH,Aconitum_lycoctonum,direct match
Aconitum_anthora_112588_PHA000106_BGN_BBL,Aconitum_anthora,direct match
Aconitum_angustifolium_1532237_PHA000104_BGN_CQM,Aconitum_angustifolium,direct match
Achnatherum_calamagrostis_487912_PHA000094_BGN_CLB,Achnatherum_calamagrostis,direct match
Achillea_oxyloba_schurii_282766_CAR000078_BGN_LLK,Achillea_oxyloba,direct match
Achillea_nana_282752_PHA000069_BGN_CQF,Achillea_nana,direct match
Achillea_macrophylla_282746_PHA000061_BGN_DSE,Achillea_macrophylla,direct match
Achillea_clusiana_282727_PHA000040_BGN_BSP,Achillea_clusiana,direct match
Achillea_clavenae_282726_PHA000038_BGN_CQE,Achillea_clavennae,direct match
Achillea_atrata_282721_PHA000034_BGN_ARF,Achillea_atrata,direct match
Acer_pseudoplatanus_4026_TROM_V_966006_BXA_CAE,Acer_pseudoplatanus,direct match
